12.11,Defeat,Philip,Bugi,cody,Nightstar,Joey,Lourlo,Blaber,Stixxay,Isles,Tomio,GANGPLANK,VIEGO,YONE,ZIGGS,SERAPHINE,AKSHAN,AHRI,KALISTA,RENATA,VOLIBEAR
12.11,Victory,Dhokla,Crash,Yeon,toucouille,Chime,Darshan,Contractz,Jensen,Snaker,Jelly,JAYCE,WUKONG,LUCIAN,ZOE,NAMI,FIORA,VIEGO,TALIYAH,KALISTA,RENATA
12.11,Defeat,Skeeto,Josedeodo,Leza,Luger,Eyla,Sandflame,Armao,Keine,Breezy,Arrow,LILLIA,WUKONG,TALIYAH,KALISTA,GRAGAS,GANGPLANK,VOLIBEAR,SYNDRA,RAKAN,TWITCH
12.11,Defeat,Zothve,River,Insanity,Neo,Destiny,SoHwan,Gryffinn,JimieN,Stunt,Kaori,GANGPLANK,LEESIN,GRAGAS,CHOGATH,SENNA,AATROX,LILLIA,YONE,KARMA,EZREAL
12.11,Victory,Concept,Blaber,Jensen,Lyg,CoreJJ,ADD,eXyu,toucouille,Clyde,Array,GANGPLANK,GRAGAS,YONE,KALISTA,TARIC,GWEN,LEESIN,RUMBLE,NAUTILUS,ASHE
12.11,Victory,Lourlo,Crash,cody,Nightstar,Slow,Revenge,Oddie,Keine,Wixxi,aphromoo,FIORA,WUKONG,TWISTEDFATE,ZERI,KARMA,GRAGAS,VIEGO,LEBLANC,TWITCH,SONA
12.11,Victory,Acce,Armao,Messages,miya,Isles,Darshan,Insanity,Arrow,Joey,Pridestalkr,AATROX,VIEGO,SWAIN,EZREAL,KARMA,SEJUANI,CASSIOPEIA,SENNA,TAHMKENCH,WUKONG
12.11,Victory,Dhokla,Gryffinn,Mireu,Kaori,Mia,Draco,Bugi,toucouille,Snaker,Chime,GNAR,WUKONG,SYLAS,KALISTA,RENATA,FIORA,VIEGO,AZIR,SENNA,TAHMKENCH
12.11,Victory,Skeeto,Yukino,Ophelia,Stixxay,Poome,Ssumday,Takeover,Svmmy,Breezy,Yeon,GWEN,XINZHAO,LISSANDRA,ZERI,PYKE,AKALI,AHRI,VIEGO,JANNA,APHELIOS
12.11,Defeat,SoHwan,eXyu,Blue,Neo,Jido,Top,River,Jensen,Ackerman,Ceo,GNAR,TALIYAH,VIKTOR,ASHE,NAUTILUS,CAMILLE,LEESIN,TWISTEDFATE,RENATA,KALISTA
12.11,Victory,ADD,Pridestalkr,Leza,Wixxi,Eyla,Revenge,Crash,Keine,Stunt,Lens,JAYCE,WUKONG,AZIR,APHELIOS,GRAGAS,MALPHITE,VIEGO,VIKTOR,RENATA,KALISTA
12.11,Victory,Dhokla,Svmmy,Ophelia,Yeon,Isles,Draco,Yukino,ry0ma,Clyde,Snaker,YONE,VOLIBEAR,VEIGAR,LUCIAN,NAMI,GWEN,VIEGO,SYNDRA,RENATA,APHELIOS
12.11,Defeat,Zothve,Kaori,Gryffinn,toucouille,CoreJJ,Lourlo,Tomo,Bugi,Mireu,Busio,ORNN,EZREAL,LILLIA,TRISTANA,KARMA,GNAR,APHELIOS,TALIYAH,RENEKTON,LULU
12.11,Victory,Darshan,Josedeodo,Insanity,Nightstar,Destiny,Concept,Armao,Messages,Arrow,huhi,CAMILLE,TRUNDLE,TALIYAH,ZERI,YUUMI,VOLIBEAR,KINDRED,CORKI,SENNA,WUKONG
12.11,Defeat,Top,eXyu,Jensen,Lyg,Chime,Stixxay,River,Takeover,SoHwan,Joey,GWEN,WUKONG,AZIR,APHELIOS,RENATA,EZREAL,LEESIN,AHRI,JAYCE,KARMA
12.11,Defeat,Draco,Gryffinn,Blue,Array,Breezy,ADD,Chad,Keine,Qit0ng,Neo,GWEN,LILLIA,IRELIA,KALISTA,RENATA,JAX,GRAVES,ZOE,YUUMI,EZREAL
12.11,Victory,Dhokla,Yukino,ry0ma,Lens,Poome,Darshan,Svmmy,Ophelia,Isles,Yeon,ORNN,TALON,SYLAS,ZERI,YUUMI,CAMILLE,LEESIN,TWISTEDFATE,LULU,APHELIOS
12.11,Victory,Concept,Armao,Messages,Arrow,Jelly,Lourlo,Crash,Insanity,Nightstar,Jido,DRMUNDO,BELVETH,VEIGAR,TWITCH,RAKAN,GANGPLANK,VOLIBEAR,GRAGAS,ZERI,YUUMI
12.11,Defeat,Top,River,Aloned,Stixxay,Clyde,SoHwan,Pridestalkr,Jensen,Diamond,Array,GANGPLANK,XINZHAO,AZIR,EZREAL,KARMA,AATROX,TALIYAH,YONE,RAKAN,JHIN
12.11,Victory,Srtty,Gryffinn,Keine,Johnsun,Busio,Josedeodo,Draco,Blue,Neo,Joey,YONE,LILLIA,LEESIN,APHELIOS,PYKE,VIEGO,GWEN,AZIR,KALISTA,RAKAN
12.11,Victory,Darshan,Yukino,Insanity,Arrow,Breezy,ADD,toucouille,Svmmy,Chime,Nightstar,GANGPLANK,KAYN,GRAGAS,XAYAH,RAKAN,LUCIAN,AHRI,KARTHUS,BARD,JHIN
12.11,Victory,Draco,Armao,Jensen,Wixxi,Busio,SoHwan,Chad,Blue,Breezy,Hans sama,FIORA,VIEGO,AZIR,KALISTA,RENATA,KENNEN,GRAVES,AHRI,NAMI,LUCIAN
12.11,Victory,Revenge,Yukino,Maple,Instinct,Smoothie,Meslo,River,Takeover,Minui,Trevor,BELVETH,TALIYAH,AKALI,APHELIOS,KARMA,RIVEN,GRAGAS,YASUO,EZREAL,YUUMI
12.11,Defeat,Hyper,Lourlo,Ophelia,Lyg,CoreJJ,Shenyi,Top,Keine,Luger,Svmmy,XINZHAO,ORNN,TALIYAH,KALISTA,RENATA,SERAPHINE,KAYLE,LUCIAN,SENNA,EVELYNN
12.11,Defeat,SoHwan,Akaadian,Leza,Neo,Jido,Srtty,Kolthro,Jensen,aphromoo,Stixxay,LILLIA,KAYN,ZOE,JHIN,YUUMI,IRELIA,UDYR,AZIR,SONA,EZREAL
12.11,Victory,Draco,Bugi,cody,Doublelift,Busio,Philip,Armao,Mireu,Mia,Lost,CAMILLE,WUKONG,ZOE,JHIN,KARMA,JAX,VIEGO,ORNN,YUUMI,EZREAL
12.11,Victory,Meslo,River,Takeover,Hans sama,Smoothie,Revenge,Yukino,Ariendel,Lens,Clyde,PANTHEON,GRAGAS,KASSADIN,LUCIAN,NAMI,LILLIA,WUKONG,RENEKTON,APHELIOS,SYLAS
12.11,Victory,Top,Pridestalkr,Insanity,Nightstar,Isles,Lourlo,LE0,Gryffinn,Snaker,Trevor,GWEN,QIYANA,GRAGAS,EZREAL,BRAUM,YONE,AZIR,LILLIA,KALISTA,NAUTILUS
12.11,Victory,SoHwan,Alive,Shenyi,Maple,Hyper,Dhokla,Svmmy,Keine,CoreJJ,Luger,ORNN,KALISTA,RENATA,TALIYAH,VIEGO,GWEN,EVELYNN,JAYCE,TAHMKENCH,SENNA
12.11,Defeat,Srtty,eXyu,Ophelia,Lyg,Destiny,Allorim,Akaadian,Jensen,Neo,Slow,KAYLE,XINZHAO,LEBLANC,ZERI,YUUMI,ORNN,GRAGAS,YONE,LUCIAN,NAMI
12.11,Defeat,Takeover,Draco,Armao,Minui,dtro18,Revenge,Tomio,Ariendel,Breezy,Doublelift,YONE,GWEN,VIEGO,SENNA,NAUTILUS,KAYLE,LEESIN,AHRI,KARMA,JHIN
12.11,Defeat,Yukino,Lourlo,cody,Krim,IgNar,Meslo,Bugi,Palafox,Stixxay,Jido,LILLIA,GNAR,ZOE,APHELIOS,RENATA,RIVEN,TALIYAH,TRYNDAMERE,KALISTA,LULU
12.11,Defeat,Darshan,Pridestalkr,Keine,Sketch,Chime,Top,Crash,Insanity,Yeon,aphromoo,TAHMKENCH,WUKONG,VIKTOR,ZERI,LULU,CAMILLE,VIEGO,AZIR,APHELIOS,SONA
12.11,Defeat,Srtty,Contractz,Mireu,Snaker,Biofrost,Allorim,Gryffinn,Jensen,Mia,Nightstar,YONE,GWEN,LEBLANC,LUCIAN,NAMI,URGOT,WUKONG,AZIR,SORAKA,KOGMAW
12.11,Defeat,Philip,AnDa,Aloned,Ceo,Busio,SoHwan,Blaber,Maple,Isles,Array,OLAF,SEJUANI,GWEN,LUCIAN,NAMI,KENNEN,GRAGAS,YONE,SORAKA,JHIN
12.11,Defeat,Revenge,Keel,Ophelia,Lyg,Smoothie,Draco,eXyu,Ariendel,Clyde,Hans sama,KAYLE,WUKONG,FIZZ,KALISTA,RENATA,CAMILLE,GRAGAS,TWISTEDFATE,KARMA,EZREAL
12.11,Defeat,Darshan,Tomio,Palafox,Wixxi,Trevor,Lourlo,Armao,cody,Instinct,CoreJJ,GNAR,VIEGO,SERAPHINE,LUCIAN,NAMI,AKSHAN,VOLIBEAR,AZIR,KALISTA,RENATA
12.11,Victory,Yukino,Top,Takeover,Doublelift,Slow,Sandflame,Spica,Akaadian,Minui,Destiny,LILLIA,GWEN,ZED,JHIN,NAUTILUS,KENNEN,SYLAS,WUKONG,LUCIAN,NAMI
12.11,Victory,Allorim,Bugi,Insanity,Krim,Isles,Philip,Gryffinn,Keine,Breezy,Neo,ORNN,TALIYAH,JAYCE,EZREAL,KARMA,CAMILLE,GWEN,LUCIAN,YUUMI,JHIN
12.11,Victory,SoHwan,AnDa,Mireu,Yeon,JayJ,Revenge,Contractz,Jensen,dtro18,Nightstar,GANGPLANK,VIEGO,SYLAS,EZREAL,RAKAN,VLADIMIR,GRAVES,TRISTANA,NAUTILUS,ZIGGS
12.11,Victory,Licorice,Kaori,eXyu,Blue,Jido,Lourlo,Armao,Palafox,Shenyi,Sketch,KENNEN,KALISTA,TALIYAH,ZED,RENATA,FIORA,VIEGO,ZOE,TAHMKENCH,SENNA
12.11,Victory,Dhokla,Keel,Aloned,Chime,Ceo,Darshan,Tomio,Ophelia,Lyg,Mia,GANGPLANK,GRAVES,TWISTEDFATE,TAHMKENCH,SENNA,AATROX,VIEGO,VEIGAR,APHELIOS,LULU
12.11,Victory,Pridestalkr,Ariendel,Srtty,Snaker,IgNar,Draco,Maple,Josedeodo,aphromoo,Array,WUKONG,ORIANNA,YONE,KALISTA,ZYRA,FIORA,SWAIN,VIEGO,NAMI,LUCIAN
12.11,Victory,Spica,Concept,Doublelift,Insanity,Trevor,Revenge,Akaadian,cody,Daption,Minui,TALIYAH,SION,JHIN,AZIR,KARMA,LILLIA,GRAGAS,YONE,TAHMKENCH,SENNA
12.11,Defeat,Huni,Yukino,Keine,Clyde,Wixxi,Philip,Svmmy,Takeover,CoreJJ,Stixxay,GNAR,LEESIN,TALIYAH,SERAPHINE,KAISA,JAYCE,VIEGO,RUMBLE,RENATA,EZREAL
12.11,Defeat,Lourlo,Maple,eXyu,Krim,Breezy,Solo,Perry,Ophelia,Isles,Yeon,ORNN,VIKTOR,KINDRED,ZERI,RAKAN,MORDEKAISER,VIEGO,ZOE,LULU,APHELIOS
12.11,Defeat,SoHwan,Contractz,Mireu,Spawn,Slow,Sandflame,Bugi,Jensen,Ackerman,Tactical,GANGPLANK,XINZHAO,GALIO,SENNA,TAHMKENCH,ORNN,DIANA,YASUO,RAKAN,KALISTA
12.11,Defeat,Licorice,Nyma,Blue,Arrow,Eyla,Top,AnDa,Palafox,Destiny,Neo,FIORA,WUKONG,AKALI,ZERI,YUUMI,JAYCE,LILLIA,IRELIA,LULU,APHELIOS
12.11,Defeat,Draco,Josedeodo,Ariendel,Snaker,Trevor,Concept,Tomio,Insanity,Mia,Ceo,OLAF,WUKONG,GALIO,KALISTA,RENATA,GANGPLANK,TRUNDLE,GRAGAS,LULU,APHELIOS
12.11,Victory,Srtty,Svmmy,Ophelia,Minui,Chime,Zamudo,Akaadian,Maple,Daption,Wixxi,YONE,VIEGO,LISSANDRA,SENNA,TAHMKENCH,FIORA,GWEN,AHRI,RENATA,KALISTA
12.11,Defeat,Spica,Blaber,Bradley,JayJ,Doublelift,Huni,Keel,cody,Jido,Hans sama,DIANA,YASUO,YONE,RENATA,JHIN,AKALI,WUKONG,RYZE,ASHE,DRAVEN
12.11,Victory,Solo,Perry,Palafox,Stixxay,Breezy,Lourlo,eXyu,Aloned,Yeon,Isles,ORNN,VIEGO,SERAPHINE,KALISTA,SENNA,FIORA,KINDRED,AZIR,EZREAL,KARMA
12.11,Victory,Sandflame,Contractz,Enigma,Tactical,CoreJJ,SoHwan,Oddie,Pobelter,Mia,Krim,GANGPLANK,WUKONG,ORIANNA,KALISTA,TARIC,GWEN,LEESIN,VIKTOR,LULU,DRAVEN
12.11,Victory,Draco,Keel,Ophelia,Nightstar,Chime,Top,Akaadian,Insanity,Slow,Doublelift,GWEN,WUKONG,LEBLANC,JHIN,BLITZCRANK,JAX,GRAVES,AHRI,RENATA,KALISTA
12.11,Defeat,Licorice,Blaber,cody,Neo,Jido,Dhokla,Svmmy,Jensen,Trevor,Arrow,WUKONG,TALIYAH,IRELIA,SENNA,TAHMKENCH,GWEN,EVELYNN,LUCIAN,RAKAN,XAYAH
12.11,Defeat,Munchy,Sandflame,Ophelia,Doublelift,Trevor,Zamudo,Spica,Insanity,Tactical,Slow,LILLIA,JAYCE,LEBLANC,XAYAH,RAKAN,FIORA,JARVANIV,GALIO,ZERI,LULU
12.11,Defeat,Lourlo,Oddie,Pobelter,Nightstar,Chime,SoHwan,eXyu,Enigma,CoreJJ,Stixxay,AKSHAN,GRAGAS,AZIR,JHIN,BARD,WUKONG,LILLIA,AHRI,BRAUM,APHELIOS
12.11,Defeat,Revenge,eXyu,Messages,Doublelift,Newbie,Draco,Maple,Bugi,IgNar,Kaori,BELVETH,VIEGO,VEIGAR,ASHE,RAKAN,FIORA,AKALI,WUKONG,RENATA,KALISTA
12.11,Defeat,SoHwan,Tomio,Mireu,Lyg,Jelly,Acce,River,Insanity,Trevor,Lost,GANGPLANK,WUKONG,GALIO,EZREAL,KARMA,SEJUANI,TRUNDLE,GRAGAS,NAUTILUS,APHELIOS
12.11,Defeat,Darshan,Gryffinn,Ophelia,Stixxay,Slow,Philip,Svmmy,Pretty,Clyde,Wixxi,LILLIA,KAYN,LISSANDRA,SENNA,TAHMKENCH,JAYCE,KINDRED,AHRI,RENATA,KALISTA
12.11,Defeat,Zothve,Yukino,Leza,Arrow,Smoothie,Solo,Pridestalkr,Ariendel,Breezy,Ceo,GWEN,TRUNDLE,TALIYAH,APHELIOS,LULU,GNAR,WUKONG,ORIANNA,RENATA,KALISTA
12.11,Victory,Meslo,River,cody,Nightstar,Mia,Lourlo,Akaadian,Mireu,Sword,Lens,CAMILLE,VIEGO,GALIO,ZERI,SORAKA,FIORA,KAYN,VIKTOR,RENATA,KALISTA
12.11,Victory,Dhokla,Josedeodo,Maple,Neo,Trevor,SoHwan,Seize,Takeover,Jelly,Johnsun,JAYCE,VIEGO,TWISTEDFATE,ZERI,YUUMI,MALPHITE,LILLIA,TRYNDAMERE,KARMA,SENNA
12.11,Victory,Revenge,Crash,Keine,Doublelift,JayJ,Darshan,duong pro,Pretty,Newbie,Luger,GNAR,VIEGO,LEBLANC,ZERI,LULU,YONE,GRAVES,AZIR,NAMI,LUCIAN
12.11,Defeat,Draco,eXyu,Palafox,Instinct,donbray,Geiger,Bugi,Blue,Lyg,Ackerman,CAMILLE,DIANA,TRYNDAMERE,JHIN,YUUMI,JAX,TALIYAH,VIKTOR,EZREAL,KARMA
12.11,Victory,ADD,Alive,Insanity,Tomio,IgNar,Philip,Gryffinn,Ariendel,Poome,Minui,RUMBLE,KALISTA,SINGED,VIEGO,RENATA,GANGPLANK,KINDRED,GALIO,TARIC,TWITCH
12.11,Victory,Solo,Perry,Jensen,Spawn,Clyde,Top,Pridestalkr,Spirax,Stixxay,Breezy,RUMBLE,WUKONG,VIKTOR,LUCIAN,NAMI,GANGPLANK,TALIYAH,IRELIA,ASHE,LULU
12.11,Defeat,Pobelter,Meslo,Yukino,Slow,Tomo,Zothve,Hyper,Wixxi,Smoothie,Ophelia,AZIR,GANGPLANK,LEESIN,RENATA,APHELIOS,JAYCE,VIEGO,SENNA,TAHMKENCH,VEIGAR
12.11,Victory,SoHwan,Svmmy,Kaori,cody,Mia,Dhokla,River,Maple,Trevor,Arrow,LILLIA,VOLIBEAR,KALISTA,TRISTANA,RENATA,VAYNE,KINDRED,AHRI,TAHMKENCH,SENNA
12.11,Victory,S0ul,Akaadian,Mireu,Ceo,Chime,Lourlo,Josedeodo,Leza,Nightstar,Jelly,YONE,WUKONG,AHRI,KAISA,RENATA,FIORA,GWEN,TRYNDAMERE,KOGMAW,YUUMI
12.11,Victory,Darshan,Seize,Doublelift,Takeover,Ackerman,Draco,SolidSnake,Palafox,Destiny,Snaker,AKSHAN,WUKONG,JHIN,AHRI,BARD,FIORA,TALIYAH,TRYNDAMERE,ZILEAN,APHELIOS
12.11,Defeat,ADD,Bugi,Blue,Whitelotus,JayJ,Revenge,eXyu,Keine,Johnsun,Diamond,SYLAS,VOLIBEAR,ZOE,LUCIAN,NAMI,LILLIA,LEESIN,SYNDRA,APHELIOS,LULU
12.11,Defeat,Jauny,Crash,Insanity,Minui,Poome,Philip,Armao,Ariendel,Newbie,Tactical,CAMILLE,TALIYAH,SINGED,APHELIOS,PYKE,JAX,VIEGO,GALIO,SENNA,LEESIN
12.11,Victory,Zothve,Contractz,cody,Lens,Smoothie,Kenvi,Maple,Top,Eyla,Stixxay,GWEN,WUKONG,ZOE,JHIN,KARMA,KINDRED,AZIR,JAX,NAUTILUS,XAYAH
12.11,Victory,Solo,duong pro,Jensen,Lyg,Clyde,Tenacity,Yuuji,Luger,Breezy,Ophelia,SION,GRAVES,LISSANDRA,APHELIOS,LULU,YONE,KINDRED,SENNA,TAHMKENCH,AHRI
12.11,Defeat,Dhokla,Tomio,Leza,Spawn,Mia,Wixxi,SoHwan,Gryffinn,Spirax,Trevor,GNAR,GRAGAS,YONE,ZERI,RAKAN,LUCIAN,GWEN,WUKONG,AHRI,NAMI
12.11,Defeat,Draco,Yukino,Aloned,Arrow,Jelly,Hyper,Lourlo,Takeover,Sword,Tomo,GWEN,SEJUANI,IRELIA,MISSFORTUNE,RENATA,LEESIN,FIORA,MORDEKAISER,LULU,APHELIOS
12.11,Victory,Pridestalkr,Darshan,Palafox,Array,Chime,S0ul,Perry,Soligo,Slow,Yeon,TALON,LILLIA,VIKTOR,ZERI,YUUMI,GANGPLANK,KAYN,AZIR,LULU,APHELIOS
12.11,Victory,Josedeodo,ADD,Keine,IgNar,Alive,Revenge,Svmmy,Insanity,Destiny,Doublelift,LILLIA,GRAVES,JAYCE,RENATA,KALISTA,GANGPLANK,KARTHUS,MALPHITE,LULU,VARUS
12.11,Defeat,Zothve,Warangelus,Maple,Tactical,Clyde,Philip,eXyu,Spirax,Minui,JayJ,GANGPLANK,TALIYAH,ZOE,KALISTA,RENATA,AATROX,KINDRED,AHRI,KAISA,NAUTILUS
12.11,Defeat,Dhokla,Jensen,Bugi,Lens,Smoothie,Solo,Akaadian,Haeri,Eyla,Nightstar,YONE,VIKTOR,VIEGO,APHELIOS,LEONA,GWEN,GRAVES,AKALI,LULU,JHIN
12.11,Victory,SoHwan,Armao,Leza,Instinct,Poome,Kenvi,Srtty,Enigma,Luger,Breezy,KENNEN,TRUNDLE,AHRI,ZERI,RAKAN,GRAVES,FIORA,VEIGAR,SENNA,TAHMKENCH
12.11,Defeat,Top,Tomio,Ophelia,Stixxay,Isles,Spica,Huni,Blue,Johnsun,Trevor,CAMILLE,LEESIN,GALIO,KALISTA,SENNA,GRAVES,GRAGAS,SINGED,EZREAL,KARMA
12.11,Defeat,Lourlo,Crash,Aloned,Tomo,Diamond,Yuuji,Darshan,Takeover,Mia,Arrow,GNAR,LEESIN,TWISTEDFATE,ZERI,YUUMI,GRAVES,ORNN,SINGED,RAKAN,TWITCH
12.11,Victory,Draco,Palafox,River,Wixxi,Chime,Tenacity,Gryffinn,Soligo,Jelly,Yeon,FIORA,TRYNDAMERE,KARTHUS,ZERI,LULU,VLADIMIR,VIEGO,TWISTEDFATE,RENATA,APHELIOS
12.11,Defeat,ADD,Hyper,Keine,Doublelift,Slow,Jauny,Kaori,Contractz,Pretty,Destiny,RUMBLE,LILLIA,YONE,SENNA,TAHMKENCH,ORNN,KALISTA,VIEGO,ORIANNA,RENATA
12.11,Defeat,Zothve,Svmmy,Jensen,Minui,Eyla,Concept,eXyu,Ophelia,Tactical,JayJ,CAMILLE,KARTHUS,ZED,SENNA,TAHMKENCH,SION,KINDRED,LEBLANC,EZREAL,KARMA
12.11,Victory,Lourlo,Pridestalkr,Insanity,Arrow,Ackerman,Maple,Josedeodo,Darshan,Diamond,Instinct,GNAR,DIANA,YASUO,XAYAH,RAKAN,SWAIN,VIEGO,GANGPLANK,TAHMKENCH,SENNA
12.11,Defeat,Kenvi,Srtty,Aloned,Snaker,Poome,SoHwan,Takeover,Akaadian,Luger,Smoothie,GRAVES,GANGPLANK,LISSANDRA,ZERI,LULU,ORNN,SYNDRA,WUKONG,LUCIAN,NAMI
12.11,Victory,Solo,Tomio,Leza,Lens,Breezy,Dhokla,Oddie,Enigma,Isles,Nightstar,ORNN,TALIYAH,YONE,LUCIAN,NAMI,SHEN,HECARIM,VIKTOR,KARMA,JHIN
12.11,Victory,S0ul,Armao,Blaber,Alive,Trevor,Top,Crash,Palafox,Mia,Tomo,AATROX,VOLIBEAR,TALIYAH,APHELIOS,THRESH,GANGPLANK,KARTHUS,TRYNDAMERE,BRAUM,KOGMAW
12.11,Defeat,ADD,Svmmy,Ophelia,Doublelift,Chime,Draco,Hyper,Yeon,Destiny,Pretty,GWEN,VIEGO,LEBLANC,ZERI,YUUMI,AATROX,WUKONG,APHELIOS,LULU,ZOE
12.11,Defeat,Lourlo,Oddie,Aloned,Arrow,Smoothie,Srtty,Akaadian,cody,Poome,Instinct,GANGPLANK,VIEGO,LISSANDRA,ZERI,YUUMI,GWEN,KINDRED,TWISTEDFATE,PYKE,SENNA
12.11,Victory,Maple,Huni,Pridestalkr,Ceo,JayJ,Diamond,Darshan,Perry,Minui,Takeover,ZOE,GRAGAS,QIYANA,LUCIAN,NAMI,LULU,OLAF,VIEGO,APHELIOS,VIKTOR
12.11,Victory,Zothve,Spica,Contractz,Slow,Tactical,Jauny,eXyu,Jensen,Eyla,Wixxi,ORNN,IRELIA,LILLIA,LULU,ZERI,FIORA,VIEGO,AHRI,SERAPHINE,APHELIOS
12.11,Victory,Kaori,Dhokla,Insanity,Tomio,Isles,SoHwan,Crash,Leza,Breezy,Nightstar,KALISTA,GANGPLANK,VELKOZ,LEESIN,RENATA,OLAF,VIEGO,AZIR,ASHE,EZREAL
12.11,Victory,Lourlo,Akaadian,Aloned,Yeon,Destiny,Darshan,Oddie,Blaber,Chime,Ceo,GNAR,GRAGAS,IRELIA,ZERI,YUUMI,SYLAS,LEESIN,AKALI,LULU,APHELIOS
12.11,Defeat,Srtty,Svmmy,Ablazeolive,Doublelift,Trevor,ADD,Dimitry,Ophelia,Stixxay,Vulcan,GRAGAS,VIEGO,TALIYAH,KALISTA,RENATA,GWEN,LEESIN,LEBLANC,EZREAL,LULU
12.10,Victory,Takeover,Lourlo,Warangelus,Ceo,Breezy,Draco,Tomo,River,Clyde,Messages,VAYNE,JAYCE,GWEN,LUCIAN,NAMI,FIORA,EZREAL,VIEGO,PYKE,GALIO
12.10,Victory,Acce,Gryffinn,Wixxi,Palafox,Sword,Meslo,Svmmy,Nightstar,Isles,Blue,KENNEN,WUKONG,KALISTA,AKALI,RENATA,GWEN,VIEGO,KOGMAW,TAHMKENCH,VIKTOR
12.10,Defeat,Kenvi,Dhokla,Pretty,Lyg,Luger,SoHwan,Maple,Bugi,Shenyi,Doublelift,WUKONG,YONE,ORIANNA,KALISTA,KARMA,OLAF,SWAIN,VIEGO,NAMI,LUCIAN
12.10,Defeat,Meslo,Svmmy,Ophelia,Arrow,Clyde,Draco,River,cody,Ceo,IgNar,YONE,LILLIA,AHRI,APHELIOS,LULU,GWEN,JARVANIV,VIKTOR,KALISTA,RENATA
12.10,Defeat,Acce,eXyu,Ariendel,Spawn,Isles,Revenge,Gryffinn,Keine,Breezy,Tomo,AATROX,KINDRED,GALIO,JHIN,NAUTILUS,IRELIA,VIEGO,SYLAS,RENATA,XAYAH
12.10,Victory,Philip,Crash,Palafox,Neo,JayJ,Zothve,Yuuji,Insanity,Ackerman,Snaker,ORNN,WUKONG,SERAPHINE,APHELIOS,LULU,MORDEKAISER,GRAVES,AZIR,NAMI,LUCIAN
12.10,Victory,SoHwan,Maple,Kenvi,Minui,Sword,Dhokla,Bugi,Pretty,Shenyi,Nightstar,GWEN,SWAIN,VIEGO,XAYAH,RENATA,YONE,WUKONG,SYLAS,ZILEAN,VAYNE
12.10,Victory,Meslo,Gryffinn,cody,Lyg,Breezy,Acce,Pridestalkr,Ophelia,Clyde,Doublelift,RIVEN,WUKONG,GALIO,KALISTA,RENATA,ORNN,QIYANA,VIKTOR,VEIGAR,VARUS
12.10,Defeat,Draco,Svmmy,Soligo,Wixxi,Mia,Skeeto,Messages,River,Jelly,Alive,CAMILLE,VIEGO,LEBLANC,SENNA,MAOKAI,ORNN,YONE,TALIYAH,KARMA,EZREAL
12.10,Defeat,Zothve,eXyu,Palafox,Tomo,JayJ,ADD,Yukino,Takeover,IgNar,Luger,GANGPLANK,LILLIA,YONE,XERATH,PYKE,RUMBLE,NOCTURNE,AKALI,TAHMKENCH,SENNA
12.10,Defeat,Top,Perry,Keine,Yeon,Chime,Revenge,Tomio,Ariendel,Arrow,Isles,JAX,LILLIA,YONE,MISSFORTUNE,SERAPHINE,GNAR,GRAVES,KARMA,SENNA,TAHMKENCH
12.10,Victory,SoHwan,Kaori,Shenyi,Kenvi,Insanity,Philip,Seize,Pretty,Neo,Smoothie,LILLIA,KALISTA,RENATA,GRAVES,ZOE,GANGPLANK,VIEGO,LEBLANC,LUCIAN,NAMI
12.10,Defeat,Licorice,Crash,Ophelia,Minui,Breezy,Dhokla,Oddie,cody,Clyde,Nightstar,GNAR,WUKONG,LEBLANC,VAYNE,RAKAN,CAMILLE,VIEGO,ZOE,NAUTILUS,ZIGGS
12.10,Victory,Srtty,Mia,River,Blaber,Yeon,Acce,Gryffinn,Takeover,Tomo,Isles,CAMILLE,BARD,LILLIA,YONE,MISSFORTUNE,AATROX,WUKONG,AKALI,XERATH,KARMA
12.10,Defeat,ADD,eXyu,Messages,Tactical,Shenyi,Zothve,Svmmy,Palafox,Chime,Neo,ORNN,VIEGO,VIKTOR,APHELIOS,LULU,KAYLE,EVELYNN,YONE,RENATA,KALISTA
12.10,Victory,Draco,Bugi,Soligo,Spawn,Jelly,Skeeto,Pridestalkr,Mireu,Lyg,JayJ,FIORA,WUKONG,TWISTEDFATE,KALISTA,RENATA,RUMBLE,VIEGO,AKALI,EZREAL,KARMA
12.10,Defeat,Acce,Hyper,cody,Krim,Ackerman,Dhokla,Seize,Blaber,Mia,Nightstar,ORNN,LILLIA,TRISTANA,DRAVEN,RENATA,AATROX,VIEGO,AHRI,LULU,KOGMAW
12.10,Victory,Philip,Perry,Insanity,Doublelift,Clyde,Licorice,SolidSnake,Kaori,Ophelia,Isles,GANGPLANK,VIEGO,AHRI,VARUS,RENATA,SWAIN,XINZHAO,KALISTA,LEBLANC,KARMA
12.10,Defeat,Kenvi,SoHwan,Leza,Wixxi,Breezy,Revenge,Warangelus,Keine,Diamond,Luger,KINDRED,GWEN,LISSANDRA,KOGMAW,LULU,LILLIA,LEESIN,LEBLANC,PYKE,APHELIOS
12.10,Victory,Top,Yukino,Takeover,Minui,Chime,Srtty,Crash,Ariendel,Plut0,Stixxay,JAX,LILLIA,YONE,MISSFORTUNE,RENATA,GWEN,VIEGO,RENEKTON,RAKAN,XAYAH
12.10,Victory,ADD,Shenyi,Blue,Tomo,River,Draco,Svmmy,Palafox,Sword,Alive,OLAF,NAMI,SINGED,LUCIAN,VIEGO,FIORA,EVELYNN,TRISTANA,RENATA,KALISTA
12.10,Defeat,Dhokla,Pridestalkr,Ophelia,Lyg,Mia,Darshan,Bugi,Isles,Neo,Spirax,GANGPLANK,WUKONG,VEIGAR,KALISTA,RENATA,ORNN,VIEGO,KARMA,JHIN,AZIR
12.10,Victory,Kaori,Allorim,Kenvi,Keine,Breezy,Acce,Seize,Ariendel,Diamond,Doublelift,LUCIAN,SION,WUKONG,ZOE,NAMI,CAMILLE,VIEGO,TWISTEDFATE,NAUTILUS,JHIN
12.10,Victory,Licorice,Minui,Yukino,Mireu,Chime,Pretty,SoHwan,Warangelus,Plut0,Stixxay,LILLIA,KAISA,WUKONG,VEIGAR,RAKAN,AHRI,GANGPLANK,VIEGO,LEONA,TRISTANA
12.10,Defeat,Darshan,Pridestalkr,Ophelia,Lyg,Daption,ADD,Svmmy,Ariendel,Doublelift,Slow,KAYLE,TALON,VIKTOR,LUCIAN,NAMI,OLAF,KINDRED,SYLAS,SENNA,TAHMKENCH
12.10,Victory,Draco,Bugi,Keine,Alive,Tempos,Dhokla,Grell,Spirax,Sword,Arrow,CAMILLE,TALON,LISSANDRA,EZREAL,ZILEAN,YONE,GRAVES,LEBLANC,KARMA,JHIN
12.10,Victory,SoHwan,Pridestalkr,Mireu,Krim,Breezy,Allorim,Svmmy,Messages,Stixxay,Jido,JAX,TALIYAH,YONE,JHIN,YUUMI,GWEN,EVELYNN,ZED,EZREAL,KARMA
12.10,Victory,Darshan,Bugi,Ophelia,Doublelift,Chime,ADD,Oddie,Ariendel,Lyg,Vulcan,LILLIA,WUKONG,LISSANDRA,JHIN,BARD,SYLAS,VIEGO,AHRI,EZREAL,KARMA
12.10,Defeat,Oddie,Neo,Spawn,Ceo,Clyde,eXyu,Keel,Svmmy,JayJ,Insanity,LILLIA,KHAZIX,GANGPLANK,DRAVEN,ZILEAN,JAX,KARTHUS,TRISTANA,RENATA,KOGMAW
12.10,Victory,Tomio,Keine,Maple,Mia,River,Kenvi,Solo,Shenyi,Neo,Ophelia,DIANA,LUCIAN,ORNN,PYKE,SAMIRA,WUKONG,VOLIBEAR,RENATA,KALISTA,LEBLANC
12.10,Defeat,SoHwan,Keel,Pobelter,Arrow,Chime,Revenge,Armao,Enigma,Breezy,Stixxay,GNAR,GRAVES,LISSANDRA,KOGMAW,LULU,RUMBLE,WUKONG,AHRI,KARMA,EZREAL
12.10,Victory,Acce,Tomo,Oddie,Clyde,Jensen,Takeover,River,Svmmy,Trevor,Ceo,GWEN,DRAVEN,VIEGO,SETT,TALIYAH,TRISTANA,JAYCE,LILLIA,NAUTILUS,KALISTA
12.10,Victory,Kaori,Lourlo,Tomio,Keine,Mia,Solo,Yukino,Ophelia,Sketch,Shenyi,KALISTA,AKSHAN,GWEN,JAYCE,RENATA,GNAR,TALIYAH,VIKTOR,TRISTANA,KARMA
12.10,Defeat,Revenge,Kenvi,Mireu,Neo,aphromoo,SoHwan,Josedeodo,Spirax,Chime,Lyg,GWEN,ZED,AKALI,XAYAH,RAKAN,JAX,HECARIM,TALIYAH,RENATA,KALISTA
12.10,Victory,Keel,Srtty,Insanity,Minui,Mia,Top,Chad,Leza,Yeon,JayJ,GRAVES,YONE,AZIR,ASHE,RELL,GWEN,RENGAR,AKALI,APHELIOS,LULU
12.10,Defeat,Zothve,Svmmy,Ophelia,Stixxay,Shenyi,Lourlo,Bugi,Enigma,Nightstar,Isles,ORNN,LILLIA,YONE,APHELIOS,RENATA,CAMILLE,VIEGO,AHRI,JHIN,KARMA
12.10,Victory,Acce,Armao,cody,Kaori,Clyde,Solo,Seize,River,IgNar,Soligo,AATROX,LILLIA,TRISTANA,KALISTA,RENATA,GANGPLANK,GRAVES,KOGMAW,NAMI,AHRI
12.10,Defeat,Revenge,Yuuji,Keine,Ceo,Trevor,Kenvi,Skeeto,Messages,Breezy,Tomo,GNAR,WUKONG,SYNDRA,LUCIAN,NAMI,GRAVES,CAMILLE,VIKTOR,LULU,APHELIOS
12.10,Victory,Huni,Blue,Tomio,Snaker,Ackerman,Jauny,Maple,Yukino,Sketch,Sword,YONE,ZOE,VIEGO,LUCIAN,NAMI,FIORA,AHRI,KINDRED,EZREAL,KARMA
12.10,Defeat,Grell,Zothve,Palafox,Nightstar,Poome,Lourlo,aphromoo,eXyu,Mireu,Neo,WUKONG,JAYCE,VAYNE,ZIGGS,PYKE,AKSHAN,BARD,TRUNDLE,SYLAS,EZREAL
12.10,Victory,SoHwan,AnDa,Leza,Stixxay,Diamond,Dhokla,Svmmy,Enigma,Yeon,Chime,GNAR,VIEGO,AHRI,KALISTA,PYKE,CAMILLE,KARTHUS,VEIGAR,EZREAL,KARMA
12.10,Victory,Srtty,Bugi,Shenyi,Pretty,Lyg,Top,Josedeodo,Ophelia,Minui,Isles,FIORA,WUKONG,RENATA,ZOE,KALISTA,JAYCE,LEESIN,TWISTEDFATE,KAISA,ALISTAR
12.10,Defeat,Skeeto,SolidSnake,Snaker,ry0ma,Jelly,Revenge,Kenvi,Keine,Tactical,Ackerman,ORNN,WUKONG,TRISTANA,ORIANNA,RAKAN,RUMBLE,RENGAR,AKALI,KALISTA,RENATA
12.10,Victory,Solo,Contractz,Jensen,Kaori,Breezy,Acce,Dimitry,Soligo,Trevor,Tomo,GWEN,RENGAR,AZIR,EZREAL,KARMA,KENNEN,KINDRED,YONE,LULU,KOGMAW
12.10,Defeat,Armao,Bradley,Ayukura,Spawn,Clyde,Licorice,Akaadian,Insanity,Mia,Ceo,TALIYAH,FIORA,YONE,KALISTA,RENATA,KENNEN,KAYN,ZOE,RAKAN,XAYAH
12.10,Defeat,SoHwan,AnDa,Mireu,Krim,Chime,Jauny,eXyu,Takeover,Diamond,Stixxay,AATROX,ELISE,LUCIAN,VARUS,BRAUM,ORNN,KINDRED,VIKTOR,RAKAN,KALISTA
12.10,Victory,Lourlo,Crash,Messages,Nightstar,Poome,River,Maple,Zothve,Tomio,aphromoo,GNAR,VIEGO,VEX,KOGMAW,LULU,KAISA,AHRI,IRELIA,LEESIN,BLITZCRANK
12.10,Defeat,Dhokla,Bugi,Shenyi,Yeon,Leza,ADD,Palafox,Spica,Isles,Neo,FIORA,TALIYAH,RELL,SAMIRA,LISSANDRA,LILLIA,AHRI,KINDRED,ALISTAR,KALISTA
12.10,Defeat,Top,Svmmy,Pretty,Minui,Smoothie,Srtty,Oddie,Ophelia,Lyg,Jelly,GANGPLANK,VIEGO,LEBLANC,JHIN,YUUMI,OLAF,KINDRED,ZOE,EZREAL,KARMA
12.10,Victory,Acce,Chad,ry0ma,Tactical,Breezy,Skeeto,Baekh0,Keine,Kaori,JayJ,AATROX,GRAVES,GALIO,EZREAL,KARMA,JAYCE,VIEGO,VIKTOR,KALISTA,RENATA
12.10,Victory,Licorice,Insanity,Grell,Yeon,Chime,Bradley,Armao,Soligo,Diamond,Krim,GNAR,VELKOZ,GRAVES,XAYAH,RAKAN,GANGPLANK,WUKONG,ZOE,RENATA,KALISTA
12.10,Victory,Philip,Dimitry,cody,Luger,Mia,Solo,Yuuji,Blue,Trevor,Tomo,GANGPLANK,KINDRED,AZIR,LUCIAN,NAMI,RUMBLE,VIEGO,ZOE,RENATA,KALISTA
12.10,Victory,Jauny,Contractz,toucouille,Neo,Sword,River,Akaadian,Stixxay,Jido,Mireu,OLAF,TALIYAH,LUCIAN,JHIN,YUUMI,FIORA,KAYN,EZREAL,KARMA,ZOE
12.10,Victory,ADD,Bugi,Spirax,Array,Isles,SoHwan,AnDa,Jensen,Shenyi,Nightstar,OLAF,WUKONG,AHRI,KAISA,RAKAN,GANGPLANK,VIEGO,CASSIOPEIA,ALISTAR,ZIGGS
12.10,Defeat,Lourlo,SolidSnake,Leza,Johnsun,Smoothie,Dhokla,Palafox,Hyper,Ceo,Poome,FIORA,GWEN,VIKTOR,XAYAH,KARMA,YONE,SERAPHINE,VIEGO,KAISA,RENATA
12.10,Defeat,Top,Chad,Messages,Snaker,Breezy,Zothve,Tomio,Ophelia,JayJ,Spawn,GANGPLANK,RENGAR,SERAPHINE,SENNA,TAHMKENCH,SION,TRUNDLE,VIKTOR,NAMI,LUCIAN
12.10,Defeat,Solo,Svmmy,Keine,Krim,Diamond,Licorice,ry0ma,Crash,Kaori,Chime,GNAR,KARTHUS,LUCIAN,DRAVEN,RENATA,IRELIA,VIKTOR,VIEGO,KALISTA,BLITZCRANK
12.10,Defeat,Concept,Keel,Insanity,Neo,Jido,Yuuji,Philip,Enigma,Sword,Stixxay,GWEN,NOCTURNE,ZOE,APHELIOS,LULU,VIEGO,JAX,AZIR,NAMI,LUCIAN
12.10,Victory,Baekh0,Takeover,aphromoo,Skeeto,Yeon,Srtty,Seize,TOWN,Ackerman,Tactical,TALIYAH,YONE,BARD,CAMILLE,EZREAL,GNAR,VIEGO,AKALI,SENNA,LEESIN
12.10,Victory,Spica,Tomo,SoHwan,Mia,Soligo,River,Jauny,Wixxi,Ayukura,Trevor,VIEGO,KALISTA,ORNN,SINGED,ZOE,KHAZIX,CAMILLE,LUCIAN,VIKTOR,NAMI
12.10,Victory,Dhokla,Akaadian,toucouille,Josedeodo,Poome,Lourlo,Shenyi,AnDa,Nightstar,Jensen,JAYCE,LILLIA,AHRI,EZREAL,PYKE,GWEN,KARMA,VIEGO,VAYNE,LEBLANC
12.10,Victory,SolidSnake,S0ul,Pobelter,Snaker,Vulcan,Allorim,Hyper,Palafox,Johnsun,Kenji,WUKONG,GANGPLANK,VIKTOR,VARUS,LULU,SION,VIEGO,SERAPHINE,LUCIAN,NAMI
12.10,Victory,Solo,Svmmy,Pretty,Neo,Stunt,Concept,Crash,Keine,Diamond,Stixxay,GNAR,VIEGO,ORIANNA,JHIN,KARMA,OLAF,GRAVES,VIKTOR,NAUTILUS,SAMIRA
12.10,Defeat,Top,Kaori,Tomio,Leza,Smoothie,Zothve,Contractz,Spirax,Breezy,Krim,CAMILLE,TRISTANA,WUKONG,TWISTEDFATE,RENATA,FIORA,VIEGO,AZIR,RAKAN,KALISTA
12.10,Victory,Srtty,Seize,Tactical,Jido,Insanity,Jauny,Baekh0,Enigma,Chime,Spica,FIORA,WUKONG,APHELIOS,LULU,LEBLANC,JAYCE,TRUNDLE,ORIANNA,NAMI,LUCIAN
12.10,Defeat,Allorim,Hyper,Keine,Krim,Poome,Darshan,Palafox,Spawn,Trevor,Akaadian,SEJUANI,VIEGO,LEBLANC,LUCIAN,NAMI,YONE,ZOE,KALISTA,RENATA,WUKONG
12.10,Defeat,Lourlo,Svmmy,Shenyi,Maple,Johnsun,Solo,AnDa,Pretty,Tactical,Vulcan,FIORA,KARTHUS,NAMI,AZIR,LUCIAN,JAYCE,VOLIBEAR,VIKTOR,APHELIOS,LULU
12.10,Defeat,Srtty,Bugi,Keine,River,Jelly,Top,Svmmy,Maple,Neo,Mia,GANGPLANK,EVELYNN,PANTHEON,LUCIAN,NAMI,OLAF,KARTHUS,AZIR,JHIN,PYKE
12.10,Victory,SoHwan,Takeover,Kenvi,Stixxay,Chime,Revenge,Pridestalkr,Mireu,Luger,Eyla,LILLIA,SWAIN,GRAVES,JINX,TAHMKENCH,CAMILLE,VIEGO,GALIO,CAITLYN,SENNA
12.10,Victory,Srtty,Tomio,Blue,Minui,Trevor,Zothve,Svmmy,Mireu,Shenyi,Neo,FIORA,NIDALEE,LUCIAN,KALISTA,LEONA,JAYCE,ZED,TWISTEDFATE,KARMA,EZREAL
12.10,Victory,Kenvi,Philip,River,Pretty,Jelly,Top,Chad,cody,Lens,Mia,GRAVES,WUKONG,KAISA,KASSADIN,GRAGAS,GANGPLANK,KARTHUS,AZIR,KALISTA,BLITZCRANK
12.10,Victory,Hyper,SoHwan,Maple,Eyla,Luger,Revenge,Bugi,Keine,Chime,Tactical,WUKONG,GANGPLANK,VIKTOR,BRAUM,TRISTANA,AATROX,VIEGO,LEBLANC,GRAGAS,KALISTA
12.10,Victory,Solo,Armao,Ophelia,Spawn,JayJ,Zothve,Will,Insanity,Poome,Minui,GWEN,VIEGO,VIKTOR,TRISTANA,YUUMI,VLADIMIR,WUKONG,KARTHUS,RENATA,KALISTA
12.10,Victory,Yukino,Huni,Haeri,Trevor,Shenyi,Lourlo,Josedeodo,Jensen,Neo,Sword,WUKONG,YONE,AZIR,XAYAH,BARD,ORNN,VIEGO,AKALI,KOGMAW,KARMA
12.10,Victory,S0ul,Pridestalkr,Mireu,Lens,Mia,River,Tomio,Pretty,Ceo,Raheen,YONE,VIEGO,SYNDRA,LUCIAN,BRAUM,AATROX,GRAVES,LEBLANC,KAISA,LEONA
12.10,Victory,SoHwan,Gryffinn,Maple,Luger,Eyla,eXyu,Revenge,Ariendel,Diamond,Alive,GANGPLANK,WUKONG,SWAIN,JINX,JANNA,VIEGO,RUMBLE,GALIO,LEONA,KAISA
12.10,Victory,Philip,Contractz,Enigma,Arrow,Breezy,Top,Svmmy,cody,Jelly,Tactical,GANGPLANK,TALIYAH,ORIANNA,KALISTA,RENATA,CAMILLE,ZED,ZOE,LULU,KOGMAW
12.10,Defeat,Spica,Darshan,Haeri,Johnsun,Trevor,Zothve,Chad,Jensen,Isles,Minui,WUKONG,YONE,ZOE,KOGMAW,LULU,GRAVES,KARTHUS,ZED,NAUTILUS,MISSFORTUNE
12.10,Victory,Kenvi,Solo,Keine,Snaker,Jido,Srtty,Crash,Insanity,Poome,Spawn,KINDRED,SION,SYNDRA,LUCIAN,NAMI,FIORA,VIEGO,ZOE,RENATA,APHELIOS
12.10,Victory,SoHwan,Maple,Yukino,Alive,Stunt,Revenge,Hyper,Ariendel,Sword,Meech,ORNN,TALIYAH,VIEGO,KALISTA,RENATA,VLADIMIR,KINDRED,AHRI,TAHMKENCH,SENNA
12.10,Defeat,River,Bugi,Mireu,Ceo,JayJ,Lourlo,Armao,Ophelia,Chime,Neo,RUMBLE,VIEGO,SYLAS,KALISTA,RENATA,SION,KINDRED,TWISTEDFATE,LULU,KOGMAW
12.10,Defeat,Jensen,Darshan,Gryffinn,Shenyi,Lyg,Zothve,Pridestalkr,Enigma,Mia,Stixxay,AKALI,YONE,LILLIA,NAUTILUS,KAISA,JAYCE,QIYANA,AHRI,BARD,EZREAL
12.10,Victory,Revenge,eXyu,Keine,Minui,Eyla,Solo,Contractz,Haeri,Breezy,Snaker,LILLIA,VIEGO,SYLAS,KAISA,NAUTILUS,GNAR,WUKONG,TWISTEDFATE,BRAUM,EZREAL
12.10,Victory,SoHwan,Josedeodo,cody,Sketch,Smoothie,Concept,Akaadian,Insanity,Diamond,Spawn,LILLIA,LEESIN,SYLAS,TRISTANA,RENATA,KAYLE,WUKONG,VELKOZ,NEEKO,KALISTA
12.10,Victory,River,Oddie,Mireu,Neo,Raheen,Licorice,Chad,Ophelia,Ceo,Poome,ORNN,WUKONG,VEIGAR,KALISTA,RAKAN,OLAF,RENGAR,AHRI,APHELIOS,ALISTAR
12.10,Defeat,Lourlo,Maple,Seize,Isles,Lens,Geiger,Svmmy,Ariendel,Trevor,Johnsun,AKSHAN,AHRI,VIEGO,RENATA,KALISTA,OLAF,KARTHUS,GALIO,NAMI,LUCIAN
12.10,Defeat,Srtty,AnDa,Enigma,Meech,Vulcan,Zothve,Takeover,Spica,Jido,Stixxay,GRAVES,TALIYAH,ORIANNA,KALISTA,LEONA,GANGPLANK,AZIR,TRUNDLE,NAMI,LUCIAN
12.10,Victory,Solo,Armao,Keine,Snaker,JayJ,SoHwan,Bugi,Insanity,Sword,Minui,GNAR,WUKONG,AKALI,SENNA,TAHMKENCH,OLAF,LILLIA,VEIGAR,RAKAN,TRISTANA
12.10,Victory,Licorice,Gryffinn,cody,Lyg,Chime,Geiger,Contractz,Mireu,Neo,Biofrost,OLAF,LILLIA,YONE,KALISTA,GRAGAS,ORNN,VIEGO,AHRI,XAYAH,RAKAN
12.10,Victory,Huni,eXyu,Ophelia,Spawn,Ackerman,Lourlo,River,Blue,Plut0,Ceo,YONE,VIEGO,VIKTOR,KALISTA,RAKAN,POPPY,KINDRED,SYNDRA,LEONA,EZREAL
12.10,Victory,Revenge,Yukino,Insanity,Stixxay,Breezy,Solo,Maple,Shenyi,Meech,Oddie,RUMBLE,WUKONG,AHRI,TRISTANA,ALISTAR,OLAF,ZOE,RENATA,KALISTA,GRAVES
12.10,Victory,Srtty,AnDa,Mireu,Minui,Poome,SoHwan,Bugi,Spica,Straight,Snaker,FIORA,WUKONG,VEIGAR,JHIN,YUUMI,KENNEN,REKSAI,AHRI,KARMA,EZREAL
12.10,Defeat,Zothve,Contractz,Enigma,Lens,Smoothie,Lourlo,Akaadian,cody,Isles,Lyg,GWEN,NOCTURNE,VIKTOR,TRISTANA,ALISTAR,CAMILLE,GRAVES,SYNDRA,GRAGAS,KALISTA
12.10,Defeat,Jauny,Gryffinn,Stevenator,Ceo,Jido,Sandflame,Svmmy,Ophelia,Lost,Trevor,VLADIMIR,WUKONG,VIKTOR,KALISTA,NAUTILUS,GANGPLANK,KARTHUS,AZIR,EZREAL,KARMA
12.10,Victory,Kenvi,Solo,Insanity,Stixxay,Sword,Revenge,Maple,River,Saico,Tempos,NOCTURNE,LILLIA,AZIR,EZREAL,KARMA,CAMILLE,TWISTEDFATE,RENGAR,LUCIAN,NAMI
12.10,Defeat,SoHwan,Nyma,Insanity,Shenyi,Alive,Top,Bugi,Maple,Lens,Breezy,LILLIA,VIEGO,AHRI,RELL,KAISA,JAX,WUKONG,SWAIN,KALISTA,NAUTILUS
12.10,Victory,Lourlo,Contractz,Ophelia,Ceo,Isles,Zothve,Akaadian,Stevenator,Stixxay,Poome,FIORA,TALIYAH,LISSANDRA,APHELIOS,LULU,JAYCE,GRAVES,AHRI,LUCIAN,NAMI
12.10,Defeat,Tomio,Messages,Neo,Trevor,Srtty,Revenge,Kenvi,Keine,Eyla,Yeon,KINDRED,LISSANDRA,SENNA,TAHMKENCH,YONE,LILLIA,LEESIN,VIKTOR,KARMA,MISSFORTUNE
12.10,Victory,Srtty,Jensen,Nightstar,Kenvi,Luger,Lourlo,Yukino,Lyg,Messages,Qit0ng,GANGPLANK,LISSANDRA,KOGMAW,GRAVES,SERAPHINE,LILLIA,VIEGO,TWITCH,AHRI,LULU
12.10,Defeat,Revenge,Perry,Keine,Lost,Breezy,Geiger,Tomio,Ophelia,Ceo,Trevor,FIORA,UDYR,LUCIAN,KOGMAW,LULU,OLAF,GRAVES,AZIR,APHELIOS,RENATA
12.10,Defeat,Srtty,River,Neo,cody,Smoothie,Acce,Bugi,Mireu,Eyla,Doublelift,JAYCE,LILLIA,JINX,TRISTANA,LULU,CAMILLE,VIEGO,TWISTEDFATE,KARMA,JHIN
12.10,Victory,Lourlo,Yukino,Insanity,Lyg,Diamond,Geiger,Chad,Takeover,Luger,JayJ,FIORA,WUKONG,AZIR,EZREAL,KARMA,SHEN,RENGAR,ORIANNA,KOGMAW,LULU
12.10,Defeat,Revenge,Tomio,Palafox,Lost,Breezy,Dinka,Josedeodo,Ariendel,Tactical,Mia,ORNN,WUKONG,ZOE,APHELIOS,LULU,CAMILLE,VIEGO,TWISTEDFATE,LUCIAN,NAMI
12.10,Victory,Skeeto,eXyu,Maple,Doublelift,Isles,Dhokla,Spica,Leza,Clyde,Neo,ORNN,WUKONG,AKALI,JHIN,KARMA,AATROX,VIEGO,VIKTOR,RENATA,EZREAL
12.10,Defeat,Keel,Lourlo,Keine,Spawn,Poome,River,Zothve,Haeri,Eyla,Luger,KARTHUS,FIORA,LUCIAN,SENNA,SION,VIEGO,MALPHITE,IRELIA,KARMA,SERAPHINE
12.10,Defeat,Bradley,Bugi,Ophelia,Lyg,Diamond,Revenge,Gryffinn,Messages,Sword,Snaker,ORNN,GRAVES,AZIR,JHIN,SENNA,GNAR,VIEGO,VIKTOR,KARMA,EZREAL
12.10,Victory,Armao,Skeeto,Insanity,Lost,Trevor,Sandflame,Seize,Palafox,JayJ,Neo,WUKONG,GANGPLANK,VIKTOR,KAISA,NAUTILUS,GWEN,LILLIA,YONE,BRAUM,EZREAL
12.10,Victory,Huni,Tomio,Ariendel,Doublelift,Mia,Dhokla,Yukino,Doxa,Breezy,Spawn,GWEN,GRAVES,GALIO,APHELIOS,RENATA,YONE,TALON,ZOE,KARMA,KALISTA
12.10,Defeat,Lourlo,Josedeodo,Soligo,Isles,Tactical,Zothve,eXyu,Leza,Clyde,Luger,LILLIA,TALON,LISSANDRA,KARMA,EZREAL,CAMILLE,KINDRED,LEBLANC,NAUTILUS,JINX
12.10,Defeat,Bradley,River,Keine,Yeon,Eyla,Revenge,Maple,Spica,Snaker,Poome,ORNN,DIANA,JAYCE,YASUO,SENNA,IRELIA,SWAIN,POPPY,LUCIAN,NAMI
12.10,Defeat,Lourlo,Crash,Nemesis9,Yeon,Eyla,Geiger,eXyu,Palafox,Johnsun,Poome,GANGPLANK,GRAVES,AZIR,LUCIAN,NAMI,ORNN,VIEGO,XERATH,APHELIOS,RENATA
12.10,Defeat,Zamudo,Seize,Ophelia,Tactical,Sword,Huni,Gryffinn,Blue,Breezy,Luger,GANGPLANK,VIEGO,SYLAS,KALISTA,RAKAN,RUMBLE,LILLIA,YASUO,ALISTAR,JINX
12.10,Victory,S0ul,Armao,Insanity,Arrow,Mia,Dhokla,Tomio,Jensen,Lens,Isles,YONE,WUKONG,VELKOZ,KALISTA,AMUMU,FIORA,GWEN,ZOE,APHELIOS,NAUTILUS
12.10,Defeat,Srtty,Grell,Spirax,Doublelift,JayJ,Pretty,Yuuji,Trevor,Skeeto,Spawn,GANGPLANK,VIEGO,AHRI,VAYNE,KARMA,ZOE,GRAVES,YUUMI,JAYCE,EZREAL
12.10,Defeat,Revenge,Tactical,Hyper,Triple,Eyla,Maple,Crash,S0ul,Isles,Luger,GANGPLANK,EZREAL,LILLIA,TRISTANA,KARMA,TWISTEDFATE,GRAVES,VLADIMIR,SENNA,KALISTA
12.10,Victory,Dinka,Josedeodo,Soligo,Yeon,Diamond,Bradley,River,Enigma,Tempos,Neo,GANGPLANK,VIEGO,ZOE,KOGMAW,NAUTILUS,TRISTANA,KINDRED,ORIANNA,LULU,APHELIOS
12.10,Victory,Zothve,Chad,Nemesis9,Arrow,Poome,Solo,Spica,Takeover,Ackerman,Doublelift,GANGPLANK,RENGAR,SYNDRA,SENNA,SION,AATROX,VIEGO,ZOE,TAHMKENCH,JINX
12.10,Defeat,Lourlo,Gryffinn,Ophelia,Johnsun,Sword,ADD,eXyu,Palafox,Breezy,Tomo,FIORA,WUKONG,TWISTEDFATE,EZREAL,KARMA,JAX,VIEGO,AHRI,YUUMI,XAYAH
12.10,Victory,Philip,River,Pretty,Neo,JayJ,Skeeto,Yuuji,Triple,Vulcan,Yeon,JAYCE,TALIYAH,YASUO,KAISA,NAUTILUS,SEJUANI,VIEGO,AHRI,BRAUM,EZREAL
12.10,Victory,Dhokla,Armao,Jensen,Alive,Mia,Zamudo,Tomio,Spirax,Trevor,Lens,GRAVES,VIEGO,ORIANNA,KOGMAW,LULU,GANGPLANK,LEESIN,ZOE,TAHMKENCH,SENNA
12.10,Victory,Bradley,Grell,Luger,ry0ma,Eyla,S0ul,Josedeodo,toucouille,Diamond,Doublelift,LEESIN,VIEGO,SENNA,LEBLANC,TAHMKENCH,GANGPLANK,WUKONG,AHRI,KARMA,JHIN
12.10,Defeat,Shenyi,Srtty,Leemo,Takeover,BMFX,Geiger,Hyper,Blue,Arrow,Tempos,RENATA,LILLIA,GRAVES,ORIANNA,KALISTA,AATROX,KINDRED,AZIR,DRAVEN,ZILEAN
12.10,Victory,ADD,Crash,Haeri,Isles,Tactical,Maple,Spica,Zothve,Sword,Instinct,OLAF,VIEGO,ORIANNA,TAHMKENCH,JINX,VIKTOR,WUKONG,FIORA,KARMA,EZREAL
12.10,Victory,Huni,Gryffinn,Palafox,Poome,Tomo,Lourlo,River,Ophelia,Breezy,Neo,RUMBLE,VIEGO,ZOE,TAHMKENCH,SENNA,AATROX,WUKONG,TWISTEDFATE,RENATA,VAYNE
12.10,Defeat,Zamudo,Grell,Keine,Lens,Trevor,Dhokla,Chad,ry0ma,Doublelift,Vulcan,ORNN,LILLIA,YONE,JINX,TAHMKENCH,SHEN,RENGAR,ORIANNA,JHIN,SENNA
12.10,Victory,Josedeodo,Jensen,Arrow,Diamond,ADD,Srtty,Leemo,Takeover,BMFX,Isles,LEESIN,ZOE,LUCIAN,NAMI,GWEN,YONE,WUKONG,AHRI,APHELIOS,RENATA
12.10,Victory,Revenge,Josedeodo,Maple,Nightstar,Shenyi,Takeover,eXyu,Insanity,Lens,Luger,GWEN,VIEGO,AKSHAN,ZIGGS,PANTHEON,LEESIN,RUMBLE,KOGMAW,JINX,LULU
12.10,Defeat,Bradley,Kenvi,Ariendel,Shenyi,Neo,Takeover,Perry,cody,Trevor,Arrow,IRELIA,GRAVES,GALIO,SETT,SENNA,TEEMO,VIEGO,AATROX,NAUTILUS,KALISTA
12.10,Defeat,Lourlo,RJS,Palafox,Nightstar,Eyla,Revenge,Yukino,Clyde,Luger,Jensen,GWEN,KHAZIX,ORIANNA,JHIN,ALISTAR,JAYCE,VIEGO,RENATA,SIVIR,TALIYAH
12.10,Victory,Kenvi,S0ul,Keine,Ceo,Smoothie,Zothve,Tomio,TOWN,Breezy,Lyg,KINDRED,LILLIA,TWISTEDFATE,KAISA,NAUTILUS,CAMILLE,GRAVES,AKALI,KARMA,EZREAL
12.10,Defeat,Dhokla,Seize,Soligo,Instinct,Diamond,Bradley,Yukino,Triple,Clyde,Luger,FIORA,VOLIBEAR,LEBLANC,LUCIAN,NAMI,KENNEN,NOCTURNE,AHRI,RENATA,KALISTA
12.10,Defeat,Revenge,Perry,Ariendel,Array,Eyla,Srtty,Josedeodo,cody,Sword,BMFX,GNAR,VIEGO,LISSANDRA,APHELIOS,LULU,SWAIN,LEESIN,AHRI,NAMI,LUCIAN
12.10,Victory,Dinka,River,Jensen,Arrow,Trevor,SoHwan,Bugi,Ophelia,Nightstar,Smoothie,GANGPLANK,TALIYAH,LISSANDRA,APHELIOS,RENATA,IRELIA,WUKONG,AHRI,ZIGGS,NAUTILUS
12.10,Victory,Zothve,Tomio,Leza,Stixxay,Isles,Crash,Lourlo,Palafox,Breezy,Alive,GANGPLANK,WUKONG,AHRI,APHELIOS,ALISTAR,GRAVES,RUMBLE,LISSANDRA,RAKAN,XAYAH
12.10,Defeat,TOWN,S0ul,Yukino,Tactical,Clyde,Dhokla,eXyu,Keine,Lyg,JayJ,ZED,RENEKTON,GWEN,EZREAL,KARMA,YONE,DIANA,LUCIAN,JHIN,PYKE
12.10,Defeat,Srtty,Armao,RJS,Ceo,aphromoo,Takeover,Skeeto,Seize,Jelly,Luger,FIORA,LILLIA,ZED,KOGMAW,LULU,RUMBLE,OLAF,VIEGO,KARMA,SENNA
12.10,Victory,Zothve,Maple,River,Spawn,Poome,Solo,Tomio,Triple,Jido,BMFX,AATROX,ZOE,GRAVES,ZIGGS,SENNA,SION,WUKONG,AHRI,KARMA,JINX
12.10,Defeat,SoHwan,Josedeodo,Insanity,Array,Isles,Lourlo,Bugi,Mireu,Straight,Lens,GANGPLANK,GRAVES,AHRI,JINX,NAUTILUS,AKSHAN,DIANA,RENEKTON,LULU,KOGMAW
12.10,Defeat,Srtty,Dimitry,Haeri,Arrow,donbray,S0ul,Contractz,Soligo,Eyla,Nightstar,GANGPLANK,LILLIA,VIKTOR,XAYAH,RAKAN,AATROX,VIEGO,AHRI,JANNA,JHIN
12.10,Victory,ADD,Yukino,Aloned,Saico,Sword,Faisal,Hyper,Ophelia,Alive,Biofrost,RUMBLE,WUKONG,GALIO,XAYAH,RAKAN,GANGPLANK,KINDRED,VIKTOR,KALISTA,PYKE
12.10,Victory,Zamudo,eXyu,Messages,Minui,Chime,Dhokla,Armao,Blue,Tomo,Mia,GANGPLANK,TALIYAH,LISSANDRA,KALISTA,NAUTILUS,SION,GRAVES,LEBLANC,KAISA,ALISTAR
12.10,Victory,Revenge,Crash,Leza,Instinct,Smoothie,Zothve,River,Keine,Lyg,Shenyi,LILLIA,GRAVES,AKALI,XAYAH,RAKAN,CAMILLE,VIEGO,VIKTOR,LUCIAN,NAMI
12.10,Defeat,Dinka,Yuuji,Spirax,Luger,Isles,SoHwan,Bugi,RJS,Clyde,Ceo,OLAF,LILLIA,AHRI,KOGMAW,BRAUM,GANGPLANK,NIDALEE,CASSIOPEIA,NAUTILUS,KALISTA
12.10,Defeat,Skeeto,Seize,Palafox,Stixxay,Breezy,Solo,Tomio,Jensen,Trevor,Tactical,ORNN,VIEGO,SYLAS,CAITLYN,NAMI,VOLIBEAR,KINDRED,VIKTOR,NAUTILUS,LUCIAN
12.10,Victory,Lourlo,Josedeodo,Takeover,BMFX,JayJ,S0ul,SolidSnake,ry0ma,Doublelift,aphromoo,FIORA,WUKONG,AHRI,APHELIOS,RENATA,ORNN,VIEGO,LEBLANC,JHIN,BARD
12.10,Defeat,Zamudo,eXyu,Maple,Saico,Eyla,Revenge,Akaadian,Ophelia,donbray,Lost,GWEN,JARVANIV,SWAIN,EZREAL,KARMA,JAYCE,KAYN,TWISTEDFATE,LULU,KOGMAW
12.10,Defeat,ADD,Hyper,Ariendel,Lens,Poome,Bradley,Dimitry,Insanity,Neo,Diamond,LILLIA,LEESIN,LEBLANC,EZREAL,KARMA,ORNN,KINDRED,GALIO,KOGMAW,LULU
12.10,Victory,Dhokla,Yukino,Soligo,Arrow,Tempos,Faisal,Armao,Haeri,Nightstar,IgNar,FIORA,TALIYAH,TWISTEDFATE,CAITLYN,ZILEAN,OLAF,WUKONG,YASUO,VIKTOR,KARMA
12.10,Victory,Zothve,River,Keine,Tomo,Chime,SoHwan,Crash,Leza,Sword,Spawn,ORNN,LILLIA,YONE,KOGMAW,LULU,FIORA,VIEGO,AZIR,NAUTILUS,JINX
12.10,Victory,Skeeto,Bugi,Messages,Luger,Mia,Oddie,Dinka,Spirax,Isles,Instinct,GANGPLANK,VIEGO,VIKTOR,JINX,BARD,GRAVES,OLAF,ZOE,LULU,KOGMAW
12.10,Victory,Lourlo,Contractz,Aloned,Array,Smoothie,S0ul,Yuuji,Palafox,Jelly,Stixxay,GWEN,KINDRED,LISSANDRA,EZREAL,KARMA,AKALI,QIYANA,AHRI,NAMI,LUCIAN
12.10,Victory,Srtty,Seize,RJS,Tactical,Shenyi,Solo,Tomio,Pretty,Jido,Doublelift,GANGPLANK,KINDRED,TWISTEDFATE,SERAPHINE,SENNA,SION,GRAVES,AZIR,RENATA,KOGMAW
12.10,Victory,Zamudo,eXyu,Ariendel,Neo,aphromoo,River,Zothve,Insanity,Lens,Stunt,MALPHITE,VIEGO,AHRI,JINX,ALISTAR,GRAVES,GANGPLANK,LISSANDRA,KOGMAW,LULU
12.10,Victory,Bradley,Dimitry,Takeover,BMFX,Trevor,Revenge,Armao,ry0ma,Breezy,Saico,TRISTANA,VIEGO,LISSANDRA,APHELIOS,TAHMKENCH,GANGPLANK,KINDRED,AHRI,RENATA,ASHE
12.10,Defeat,Dhokla,Yukino,Maple,Spawn,JayJ,Faisal,Crash,Keine,Tomo,Poome,VLADIMIR,JARVANIV,TALIYAH,EZREAL,BARD,GANGPLANK,GRAVES,SYNDRA,XAYAH,PYKE
12.10,Defeat,Philip,Akaadian,Soligo,Arrow,Chime,Jenkins,Oddie,Ophelia,Vulcan,Nightstar,WUKONG,HECARIM,ZOE,SIVIR,BARD,GANGPLANK,VIEGO,AKALI,LEONA,ZIGGS
12.10,Defeat,S0ul,Seize,DARKWINGS,Array,Daption,Dinka,Yuuji,Messages,Stixxay,Isles,AATROX,VIEGO,VIKTOR,TWITCH,LULU,GANGPLANK,LEESIN,GALIO,KOGMAW,KARMA
12.10,Victory,Lourlo,Contractz,Palafox,Tempos,Tactical,Solo,Tomio,Triple,Mia,Doublelift,GNAR,WUKONG,TWISTEDFATE,KARMA,KOGMAW,GANGPLANK,JARVANIV,SYLAS,LULU,JINX
12.10,Victory,Dhokla,River,Ariendel,BMFX,Jido,Zamudo,Yukino,Takeover,aphromoo,Saico,GWEN,KINDRED,KARMA,KAISA,NAUTILUS,FIORA,VIEGO,ZOE,YUUMI,JHIN
12.10,Victory,Srtty,Hyper,Pretty,Johnsun,Sword,Revenge,eXyu,RJS,Smoothie,Ceo,LILLIA,LEESIN,LEBLANC,EZREAL,KARMA,GNAR,KINDRED,ZOE,TAHMKENCH,SENNA
12.10,Victory,Oddie,Spawn,Trevor,Insanity,Jenkins,SoHwan,Akaadian,ry0ma,Breezy,Tomo,VIEGO,SENNA,TAHMKENCH,ZOE,CAMILLE,ORNN,KINDRED,ZILEAN,KARMA,EZREAL
12.10,Victory,Solo,Contractz,toucouille,Arrow,JayJ,Lourlo,Tomio,Keine,Poome,Nightstar,GWEN,NOCTURNE,LISSANDRA,KALISTA,RENATA,FIORA,VIEGO,LEBLANC,NAMI,LUCIAN
12.10,Victory,Srtty,Akaadian,Insanity,Doublelift,Chime,Zamudo,Oddie,RJS,Tactical,Isles,FIORA,WUKONG,VIKTOR,XAYAH,RAKAN,RENEKTON,MORDEKAISER,ORIANNA,LUCIAN,NAMI
12.10,Victory,S0ul,Takeover,Hyper,Stixxay,Vulcan,Dhokla,eXyu,Ariendel,Array,Diamond,GWEN,AHRI,KINDRED,TRISTANA,LEONA,YONE,VIEGO,GALIO,EZREAL,BRAUM
12.10,Defeat,Minui,Lourlo,Perry,Keine,Shenyi,Takeover,Armao,TOWN,Trevor,Instinct,KAISA,FIORA,WUKONG,SYNDRA,RAKAN,RENEKTON,VIEGO,VIKTOR,LEONA,EZREAL
12.10,Defeat,Nightstar,Bradley,Josedeodo,Insanity,Sword,Dinka,Bugi,Messages,Clyde,Luger,KOGMAW,SION,LEESIN,VELKOZ,LULU,AATROX,TALIYAH,GRAVES,BLITZCRANK,JINX
12.10,Victory,Lourlo,Takeover,Tomio,Array,Trevor,RJS,Armao,Ophelia,Arrow,Eyla,FIORA,LISSANDRA,KINDRED,TAHMKENCH,SENNA,JAYCE,VIEGO,AHRI,EZREAL,KARMA
12.10,Victory,Pretty,Bradley,Seize,Stixxay,Jido,Pridestalkr,Srtty,Keine,Diamond,Lens,ZOE,LEESIN,VIEGO,SENNA,TAHMKENCH,QIYANA,OLAF,SYNDRA,NAMI,LUCIAN
12.10,Victory,River,Dhokla,ry0ma,Nightstar,JayJ,Spica,Lourlo,RJS,Spawn,Jelly,KINDRED,GWEN,RYZE,JHIN,KARMA,LILLIA,GANGPLANK,CASSIOPEIA,JINX,THRESH
12.10,Defeat,Solo,Chad,DARKWINGS,Array,Sword,Takeover,Bugi,Shenyi,Luger,Maple,GNAR,KINDRED,SWAIN,SENNA,TAHMKENCH,AHRI,LILLIA,NAMI,LUCIAN,AKSHAN
12.10,Defeat,Srtty,Josedeodo,Ophelia,Minui,Breezy,SoHwan,Tomio,cody,Lost,Smoothie,ORNN,WUKONG,AHRI,KAISA,NAUTILUS,FIORA,VIEGO,VIKTOR,EZREAL,KARMA
12.10,Victory,Revenge,eXyu,Soligo,Sketch,Eyla,Philip,Armao,Insanity,Clyde,Lens,GNAR,WUKONG,LISSANDRA,JINX,TAHMKENCH,CAMILLE,VIEGO,AHRI,RELL,APHELIOS
12.10,Defeat,Hyper,Bradley,Leza,Array,Shadow,Lourlo,Pridestalkr,Johnsun,RJS,Isles,LEESIN,KENNEN,LEBLANC,SENNA,TAHMKENCH,FIORA,QIYANA,EZREAL,KASSADIN,YUUMI
12.10,Defeat,Zothve,Kenvi,Keine,Nightstar,Jido,Dhokla,Trixter,JimieN,Trevor,Spawn,ORNN,RENGAR,LUCIAN,KOGMAW,LULU,FIORA,VIEGO,VIKTOR,NAUTILUS,APHELIOS
12.10,Defeat,Solo,Tomio,Alive,Pretty,Diamond,Srtty,Perry,Lyg,Poome,ry0ma,GWEN,LILLIA,APHELIOS,YASUO,RENATA,YONE,VIEGO,KALISTA,TARIC,AHRI
12.10,Defeat,Philip,Takeover,Josedeodo,Luger,Breezy,SoHwan,Seize,Insanity,Lens,JayJ,ORNN,LISSANDRA,VIEGO,LUCIAN,NAMI,LILLIA,KINDRED,AHRI,APHELIOS,LULU
12.10,Victory,Revenge,Crash,Ophelia,Yeon,Vulcan,Skeeto,Spica,Maple,Ackerman,Arrow,LILLIA,KINDRED,LISSANDRA,EZREAL,PYKE,RUMBLE,GRAVES,AHRI,KARMA,TRISTANA
12.10,Victory,Lourlo,Contractz,DARKWINGS,Minui,Kenji,Zothve,River,eXyu,Doublelift,Smoothie,FIORA,TALIYAH,IRELIA,KALISTA,PYKE,TRYNDAMERE,VIKTOR,VIEGO,JINX,NAUTILUS
12.10,Victory,Acce,Armao,Soligo,Neo,Clyde,Jauny,SolidSnake,Haeri,Stunt,Sketch,CAMILLE,VIEGO,ZOE,XAYAH,SERAPHINE,GANGPLANK,WUKONG,YONE,NAMI,KARTHUS
12.10,Victory,Solo,Keel,Shenyi,Lyg,Triple,Kenvi,Srtty,RJS,Alive,donbray,ORNN,WUKONG,RENATA,APHELIOS,AHRI,RENGAR,SYLAS,GANGPLANK,XAYAH,KARMA
12.10,Victory,Bradley,Bugi,Ariendel,Stixxay,Jelly,Dhokla,Tomo,Pridestalkr,Sword,Leza,GWEN,VIEGO,AHRI,KAISA,NAUTILUS,LILLIA,EZREAL,WUKONG,BRAUM,LEBLANC
12.10,Defeat,Philip,Perry,cody,Lens,Shadow,ADD,JimieN,Tomio,Spawn,Isles,AATROX,KARTHUS,AKALI,JINX,RENATA,GANGPLANK,YONE,FIDDLESTICKS,APHELIOS,NAUTILUS
12.10,Defeat,Skeeto,Baekh0,Insanity,Snaker,Diamond,Revenge,Spica,Mireu,Luger,Trevor,VLADIMIR,WUKONG,VELKOZ,EZREAL,RAKAN,GANGPLANK,VIEGO,GALIO,JINX,NAUTILUS
12.10,Victory,Acce,Maple,Armao,Neo,Breezy,Lourlo,Chad,Ophelia,JayJ,Airren,GRAVES,TALIYAH,VIEGO,KOGMAW,LULU,FIORA,LILLIA,TWISTEDFATE,NAUTILUS,APHELIOS
12.10,Victory,TOWN,Jauny,eXyu,Yeon,Plut0,Takeover,Crash,SoHwan,Arrow,Chime,LUCIAN,ORNN,NIDALEE,SAMIRA,LEONA,SYNDRA,VIEGO,GNAR,CAITLYN,NAMI
12.10,Victory,Faisal,Seize,ry0ma,Misterdot,Stunt,Solo,River,Haeri,Kenji,Minui,OLAF,KINDRED,ZOE,LUCIAN,NAMI,GANGPLANK,GRAVES,SERAPHINE,SION,SENNA
12.10,Defeat,Zothve,SolidSnake,Soligo,Sketch,Ackerman,Srtty,Keine,Contractz,Vulcan,Doublelift,GWEN,VOLIBEAR,TWISTEDFATE,EZREAL,KARMA,YONE,SYLAS,VIEGO,LULU,KOGMAW
12.10,Defeat,ADD,Keel,Leza,Clyde,Stixxay,Bugi,Nightstar,donbray,Bradley,Ariendel,OLAF,LILLIA,LISSANDRA,NAUTILUS,JINX,WUKONG,KOGMAW,LULU,FIORA,AHRI
12.10,Victory,Zamudo,Kenvi,Lyg,Triple,Poome,Dhokla,RJS,Tomio,Array,Smoothie,DRAVEN,LILLIA,SAMIRA,SYLAS,ALISTAR,JAX,GANGPLANK,FIDDLESTICKS,JHIN,NAUTILUS
12.10,Victory,Perry,Philip,Tomo,Insanity,Eyla,Spica,Revenge,cody,winter,Spawn,WUKONG,AATROX,EZREAL,VELKOZ,KARMA,XINZHAO,ORNN,AHRI,NAUTILUS,XAYAH
12.10,Victory,Lourlo,Shenyi,Maple,Baekh0,Neo,Skeeto,Chad,Spirax,Snaker,Isles,FIORA,ALISTAR,AHRI,GRAVES,LUCIAN,VLADIMIR,RENGAR,ZOE,VARUS,NAUTILUS
12.10,Victory,TOWN,Concept,Crash,Trevor,Yeon,Takeover,Solo,Armao,Breezy,Lens,TRYNDAMERE,LILLIA,GRAVES,NAUTILUS,KALISTA,VLADIMIR,GNAR,WUKONG,ALISTAR,EZREAL
12.10,Defeat,Zothve,Nightstar,Hyper,Plut0,Keine,ADD,Seize,toucouille,Chime,Doublelift,VLADIMIR,JHIN,LEESIN,LEONA,TALIYAH,GWEN,VIEGO,ORIANNA,RAKAN,XAYAH
12.10,Defeat,Dhokla,Akaadian,Kenji,Ariendel,Array,Zamudo,Josedeodo,DARKWINGS,Misterdot,Ackerman,IRELIA,TALIYAH,NAUTILUS,GALIO,KAISA,GANGPLANK,ZED,CASSIOPEIA,EZREAL,LEONA
12.10,Victory,River,Srtty,Haeri,Stixxay,Stunt,Jauny,Contractz,Palafox,Minui,JayJ,LEESIN,LILLIA,LISSANDRA,KAISA,NAMI,OLAF,GRAVES,AHRI,JHIN,NAUTILUS
12.10,Victory,Lourlo,SolidSnake,Soligo,Instinct,Eyla,Dinka,Oddie,Insanity,Spawn,Smoothie,FIORA,XINZHAO,AHRI,LUCIAN,NAMI,ORNN,GRAVES,VEIGAR,APHELIOS,LULU
12.10,Victory,Philip,Tomio,RJS,Arrow,donbray,Tomo,Yuuji,Lonely,Clyde,Triple,ORNN,KINDRED,VELKOZ,LUCIAN,RENATA,KALISTA,VIEGO,OLAF,SENNA,AZIR
12.10,Defeat,Tenacity,Shenyi,Hyper,Takeover,Snaker,Jenkins,Armao,Spirax,Diamond,Alive,GRAVES,KARMA,LILLIA,LISSANDRA,EZREAL,NEEKO,VIEGO,LEBLANC,RAKAN,XAYAH
12.10,Victory,Concept,Crash,Maple,Doublelift,Chime,Srtty,Keel,DARKWINGS,Lens,Plut0,GANGPLANK,WUKONG,ZOE,JINX,TAHMKENCH,OLAF,GRAVES,AZIR,SENNA,SETT
12.10,Defeat,Zamudo,Akaadian,Palafox,Array,Breezy,Dhokla,Josedeodo,Nightstar,Isles,Ariendel,GANGPLANK,WUKONG,LULU,APHELIOS,BRAUM,LUCIAN,LEESIN,ZIGGS,NAUTILUS,LEBLANC
12.10,Victory,Lourlo,Oddie,RJS,BMFX,Stunt,Top,Will,Haeri,Eyla,Arrow,LILLIA,VIEGO,GANGPLANK,APHELIOS,NAMI,AATROX,WUKONG,CASSIOPEIA,JANNA,JHIN
12.10,Defeat,Dinka,Yuuji,Triple,Tomo,JayJ,Lonely,Contractz,Insanity,Smoothie,Instinct,ORNN,WUKONG,AHRI,KOGMAW,LULU,LILLIA,VIEGO,LISSANDRA,KARMA,SENNA
12.10,Victory,Philip,Dimitry,Spirax,Yeon,Kenji,Takeover,Tenacity,Spawn,Clyde,Hyper,KENNEN,KINDRED,AHRI,SAMIRA,LEONA,LISSANDRA,IRELIA,JINX,RENATA,LILLIA
12.10,Defeat,Zamudo,Josedeodo,Nightstar,ry0ma,Plut0,Concept,Keel,DARKWINGS,Chime,Stixxay,GANGPLANK,DIANA,TWITCH,LUCIAN,RENATA,SION,WUKONG,AZIR,NAMI,CAITLYN
12.10,Defeat,Top,Will,Palafox,BMFX,Breezy,Lourlo,Oddie,RJS,Diamond,Arrow,CAMILLE,WUKONG,AHRI,JINX,RENATA,LILLIA,GRAVES,GANGPLANK,SERAPHINE,EZREAL
12.10,Victory,Srtty,Akaadian,JimieN,Doublelift,Isles,Dhokla,Tomio,Ariendel,Array,Vulcan,FIORA,WUKONG,TALIYAH,JHIN,NAUTILUS,JAYCE,OLAF,TWISTEDFATE,EZREAL,KARMA
12.10,Defeat,Revenge,Josedeodo,RJS,Nightstar,Eyla,Solo,Shenyi,Kitzuo,Luger,Pretty,GANGPLANK,LILLIA,LUCIAN,EZREAL,BRAND,SION,MAOKAI,VIEGO,SENNA,SYNDRA
12.10,Defeat,Kenvi,Philip,Insanity,Lens,Trevor,Lourlo,River,Tomio,Arrow,Clyde,GWEN,POPPY,ANIVIA,APHELIOS,RENATA,FIORA,TWISTEDFATE,WUKONG,KALISTA,ZILEAN
12.10,Defeat,Top,Hyper,Ariendel,Instinct,Clyde,S0ul,Bugi,Keine,Eyla,Lens,OLAF,TALIYAH,GALIO,APHELIOS,NAUTILUS,GANGPLANK,WUKONG,SYNDRA,BRAUM,JINX
12.10,Defeat,Meslo,Armao,Takeover,Array,Smoothie,Srtty,Nyma,TOWN,donbray,Yeon,GWEN,REKSAI,LEBLANC,JHIN,NAUTILUS,YONE,VIEGO,ANNIE,KARMA,EZREAL
12.10,Defeat,Pridestalkr,Revenge,Shenyi,Luger,Pretty,Solo,Perry,RJS,Neo,Chime,WUKONG,ORNN,RENATA,KALISTA,AZIR,MORDEKAISER,VIEGO,VIKTOR,LUCIAN,NAMI
12.10,Victory,Kenvi,Dhokla,ry0ma,BMFX,Sword,Meslo,eXyu,Ariendel,Lens,Trevor,WUKONG,YONE,AHRI,LUCIAN,NAMI,ORNN,VIEGO,LISSANDRA,JINX,LULU
12.10,Victory,Top,Armao,RJS,Snaker,Ackerman,S0ul,Grell,Haeri,Breezy,Spawn,JAX,VIEGO,VELKOZ,EZREAL,KARMA,GRAGAS,GRAVES,ZOE,RENATA,KOGMAW
12.10,Defeat,River,Srtty,Keine,Array,Clyde,Niles,Yuuji,Palafox,Eyla,Luger,LEESIN,GANGPLANK,TALIYAH,EZREAL,MAOKAI,KLED,VIEGO,ZOE,SENNA,SIVIR
12.10,Victory,Bradley,Tomio,TOWN,Yeon,Smoothie,Lourlo,Akaadian,Takeover,donbray,Sketch,FIORA,TALIYAH,IRELIA,XAYAH,RAKAN,GNAR,KAYN,AHRI,NAUTILUS,KARTHUS
12.10,Victory,Solo,Bugi,Ophelia,Ceo,Isles,Philip,Seize,Insanity,Diamond,Minui,GWEN,VIEGO,TWISTEDFATE,KALISTA,NAUTILUS,JAYCE,WUKONG,LEBLANC,LEONA,TRISTANA
12.10,Victory,Revenge,Perry,Shenyi,Ariendel,Lens,Concept,Josedeodo,Soligo,IgNar,BMFX,CAMILLE,WUKONG,RENATA,GALIO,JINX,ORNN,ZED,AZIR,LULU,KOGMAW
12.10,Defeat,Niles,Pridestalkr,JimieN,Luger,Ackerman,Kenvi,Srtty,Spawn,Breezy,Leza,GANGPLANK,WUKONG,SWAIN,APHELIOS,RENATA,RENGAR,OLAF,JINX,KARMA,AHRI
12.10,Victory,SoHwan,AnDa,RJS,Snaker,Trevor,Dhokla,SolidSnake,Haeri,Sword,Nightstar,GNAR,UDYR,FIZZ,LUCIAN,NAMI,IRELIA,VIEGO,TWISTEDFATE,NAUTILUS,ZIGGS
12.10,Defeat,Grell,Solo,Ophelia,Sketch,Jido,TOWN,Dinka,River,Stixxay,Smoothie,NOCTURNE,GANGPLANK,VIKTOR,LUCIAN,RENATA,AKALI,OLAF,NIDALEE,CAITLYN,NAMI
12.10,Defeat,Geiger,eXyu,Palafox,Array,Eyla,Lourlo,Hyper,Keine,Poome,Tactical,DRMUNDO,VIEGO,CASSIOPEIA,LUCIAN,NAMI,OLAF,LEESIN,LEBLANC,TAHMKENCH,SENNA
12.10,Defeat,Top,Yukino,Insanity,Instinct,Clyde,Takeover,Bradley,Armao,Isles,Yeon,GWEN,FIDDLESTICKS,LUCIAN,VARUS,RENATA,AZIR,LILLIA,WUKONG,LULU,APHELIOS
12.10,Victory,Jauny,Tomio,Pretty,Arrow,donbray,Concept,Akaadian,Ariendel,Shenyi,Ceo,GANGPLANK,WUKONG,ZOE,DRAVEN,BRAUM,OLAF,VIEGO,AHRI,TAHMKENCH,KALISTA
12.10,Defeat,Niles,Kenvi,Soligo,Minui,Breezy,Srtty,Contractz,cody,Luger,Chime,RENEKTON,WUKONG,SYLAS,TWITCH,LULU,SHEN,VIEGO,TWISTEDFATE,JINX,NAUTILUS
12.10,Victory,Top,Hyper,Palafox,Keith,Kenji,Yukino,Clyde,Takeover,Bradley,Yeon,CAMILLE,KINDRED,AZIR,SENNA,SION,RENGAR,PYKE,VIKTOR,LILLIA,EZREAL
12.10,Victory,SoHwan,AnDa,Haeri,Nightstar,Ackerman,Faisal,Josedeodo,Sword,Spawn,RJS,ORNN,JARVANIV,VIKTOR,LUCIAN,NAMI,CAMILLE,VIEGO,LULU,APHELIOS,LEBLANC
12.10,Victory,SolidSnake,Revenge,Leza,Array,Trevor,Solo,eXyu,JimieN,Eyla,Lens,JARVANIV,GANGPLANK,AHRI,EZREAL,KARMA,RUMBLE,VIEGO,LISSANDRA,NAUTILUS,JINX
12.10,Victory,Dhokla,Bugi,Insanity,Snaker,Isles,Lourlo,Crash,Keine,Tactical,Poome,GANGPLANK,WUKONG,VEIGAR,VARUS,NAUTILUS,OLAF,VIEGO,AKALI,KOGMAW,LULU
12.10,Defeat,Jauny,Seize,Ophelia,Arrow,Jido,Concept,River,Ariendel,Diamond,Instinct,OLAF,LEESIN,AZIR,KALISTA,NAUTILUS,LILLIA,GRAVES,GALIO,BRAUM,KOGMAW
12.10,Defeat,Grell,Skeeto,TOWN,Krim,Shenyi,S0ul,ry0ma,Akaadian,donbray,Luger,VIEGO,CAMILLE,VIKTOR,LUCIAN,RENATA,ORNN,CORKI,GRAVES,BLITZCRANK,KALISTA
12.10,Victory,Hyper,Top,Aloned,Yeon,Chime,Zerito,Contractz,cody,Breezy,Keith,LILLIA,JAX,AKSHAN,VARUS,LULU,ORNN,NIDALEE,TRISTANA,ZILEAN,KOGMAW
12.10,Victory,Zothve,eXyu,Haeri,Ceo,Smoothie,SoHwan,Tomio,RJS,Array,Clyde,KENNEN,DIANA,IRELIA,LUCIAN,NAMI,GANGPLANK,KINDRED,ZOE,APHELIOS,LULU
12.10,Victory,Srtty,AnDa,Palafox,Nightstar,Stunt,Faisal,Takeover,Yukino,Spawn,Kenji,GWEN,WUKONG,IRELIA,ZIGGS,YUUMI,GRAVES,ANIVIA,VIEGO,XAYAH,KARMA
12.10,Defeat,Lourlo,Crash,Ophelia,Luger,Diamond,Dhokla,Seize,Insanity,Alive,Poome,GNAR,GRAVES,AHRI,KALISTA,SERAPHINE,SYLAS,VIEGO,VEIGAR,SENNA,TAHMKENCH
12.10,Defeat,Revenge,River,Leza,Arrow,Isles,Solo,Josedeodo,Keine,Lens,Trevor,LILLIA,TRUNDLE,SYNDRA,EZREAL,KARMA,WUKONG,GRAVES,ZOE,JINX,NAUTILUS
12.10,Defeat,Skeeto,Akaadian,Haeri,BMFX,Breezy,Concept,Contractz,Soligo,Chime,Yeon,OLAF,KINDRED,ZOE,LUCIAN,NAMI,ORNN,GRAVES,AHRI,LULU,APHELIOS
12.10,Defeat,Top,Tomio,Whitelotus,RJS,Smoothie,TOWN,Srtty,AnDa,Keith,Clyde,GWEN,GRAVES,APHELIOS,RYZE,NAUTILUS,VIKTOR,YONE,VIEGO,XAYAH,RENATA
12.10,Victory,Zothve,Keel,Triple,Ceo,Stunt,Zerito,eXyu,Enigma,Vulcan,Spawn,TRYNDAMERE,LILLIA,ORIANNA,EZREAL,KARMA,AKALI,VIEGO,VELKOZ,YUUMI,XAYAH
12.10,Victory,Dhokla,Seize,Palafox,Nightstar,Poome,Lourlo,Dimitry,Ophelia,Arrow,aphromoo,GWEN,VIEGO,SYLAS,EZREAL,KARMA,FIORA,WUKONG,TWISTEDFATE,JHIN,PYKE
12.10,Victory,River,Solo,Keine,Lens,Diamond,SoHwan,Crash,Insanity,BMFX,Isles,WUKONG,ORNN,VIKTOR,APHELIOS,SERAPHINE,AATROX,VIEGO,VELKOZ,KALISTA,RENATA
12.10,Defeat,TOWN,Yuuji,Srtty,Spawn,Breezy,Concept,Kenvi,RJS,IgNar,Stixxay,AKALI,LEESIN,LILLIA,JINX,RENATA,SWAIN,VI,ZOE,RAKAN,XAYAH
12.10,Victory,Skeeto,Contractz,Leza,Krim,Trevor,Revenge,Akaadian,Soligo,Yeon,Chime,ORNN,LILLIA,JAYCE,EZREAL,YUUMI,GANGPLANK,KAYN,AHRI,CAITLYN,LUX
12.10,Defeat,Zothve,Oddie,Enigma,Luger,Vulcan,Zerito,eXyu,Triple,Ceo,aphromoo,ORNN,VIEGO,LISSANDRA,KOGMAW,RENATA,VLADIMIR,GRAVES,AHRI,KAISA,NAUTILUS
12.10,Defeat,River,Concept,Insanity,Stixxay,Breezy,RJS,Srtty,Tomo,Diamond,Keel,VIEGO,DRMUNDO,AHRI,KAISA,ALISTAR,GANGPLANK,LILLIA,EZREAL,RAKAN,GRAVES
12.10,Defeat,Dhokla,Dimitry,Ablazeolive,Nightstar,Isles,Lourlo,Seize,Palafox,Arrow,Jido,SION,KINDRED,TALIYAH,JHIN,NAUTILUS,GANGPLANK,VIEGO,AKALI,EZREAL,KARMA
12.10,Defeat,Lourlo,Hyper,Takeover,Yeon,Arrow,Solo,Pridestalkr,Keine,Clyde,Ceo,LILLIA,VIEGO,ORIANNA,JINX,KARMA,GWEN,NOCTURNE,VIKTOR,PYKE,EZREAL
12.10,Victory,Revenge,Kenvi,JimieN,Doublelift,Trevor,Zothve,Nyma,RJS,Lens,Qit0ng,LILLIA,GRAVES,AZIR,JHIN,LEONA,RUMBLE,VIEGO,LUCIAN,KOGMAW,NAUTILUS
12.10,Defeat,Solo,Tomio,RJS,Arrow,Clyde,Lourlo,Armao,Nightstar,Eyla,Keine,RUMBLE,VIEGO,LUCIAN,EZREAL,BARD,AKSHAN,WUKONG,ZIGGS,JANNA,JAYCE
12.10,Victory,River,Jenkins,Palafox,Lens,Breezy,Zothve,JimieN,Pridestalkr,Smalls,Minui,RENGAR,GWEN,ORIANNA,SENNA,TAHMKENCH,GANGPLANK,AZIR,WUKONG,THRESH,KAISA
12.10,Victory,Meslo,Hyper,Soligo,Array,Qit0ng,Srtty,Will,Takeover,Trevor,Snaker,OLAF,LILLIA,SYLAS,SENNA,TAHMKENCH,JAX,WUKONG,AHRI,RENATA,VARUS
12.10,Defeat,Revenge,Keel,RJS,Ceo,Eyla,Jauny,Seize,ry0ma,Clyde,Yeon,LILLIA,TRUNDLE,SETT,KAISA,PYKE,ORNN,VIEGO,AZIR,RENATA,KOGMAW
12.10,Victory,Solo,Bugi,Leza,Krim,JayJ,Dhokla,Yuuji,Ariendel,Doublelift,Bardito,SION,VIEGO,VIKTOR,EZREAL,KARMA,GANGPLANK,GRAVES,GALIO,JINX,NAUTILUS
12.10,Defeat,Bradley,Armao,Keine,Neo,Trevor,Jenkins,Tomio,cody,Breezy,Arrow,FIORA,KARTHUS,LUCIAN,XAYAH,LULU,KENNEN,LILLIA,IRELIA,RENATA,KALISTA
12.10,Defeat,Kenvi,Lourlo,Spirax,Spawn,Chime,Zothve,Yukino,Pretty,BMFX,Isles,KINDRED,LILLIA,VIKTOR,APHELIOS,RENATA,IRELIA,KARTHUS,AZIR,LUCIAN,NAMI
12.10,Defeat,Srtty,Contractz,Lens,Eyla,Haeri,Philip,Pridestalkr,Ophelia,Clyde,Snaker,JAX,LILLIA,EZREAL,NAUTILUS,GALIO,KENNEN,WUKONG,TWISTEDFATE,SETT,VARUS
12.10,Victory,River,Jauny,ry0ma,Instinct,Poome,Meslo,Akaadian,Soligo,Stunt,Ceo,LEESIN,GWEN,AHRI,TRISTANA,ALISTAR,YONE,VIEGO,LISSANDRA,RELL,KALISTA
12.10,Defeat,Concept,eXyu,Takeover,Minui,Jido,SoHwan,SolidSnake,Palafox,JayJ,Yeon,DRMUNDO,LILLIA,ZOE,APHELIOS,LULU,GANGPLANK,VOLIBEAR,ORIANNA,NAMI,LUCIAN
12.10,Victory,Solo,Hyper,Insanity,Doublelift,Bardito,Dhokla,Keel,RJS,Trevor,Array,ORNN,WUKONG,VIKTOR,XAYAH,NAUTILUS,FIORA,VIEGO,ORIANNA,RELL,KAISA
12.10,Victory,Jenkins,Bugi,Ariendel,Neo,Breezy,Tomio,Enigma,Whitelotus,Isles,Bradley,AATROX,TALIYAH,RENEKTON,KAISA,RAKAN,ZED,VIKTOR,EZREAL,LEONA,FIORA
12.10,Victory,Lourlo,Armao,Leza,Arrow,Diamond,Top,Yuuji,Keine,Spawn,Chime,GNAR,REKSAI,TALIYAH,EZREAL,KARMA,JAYCE,QIYANA,LEBLANC,KOGMAW,LULU
12.10,Victory,Revenge,Kenvi,Spirax,Snaker,Sword,Philip,Crash,Ophelia,Clyde,Johnsun,GWEN,LEESIN,ORIANNA,XAYAH,RAKAN,GANGPLANK,WUKONG,VIKTOR,NAUTILUS,TRISTANA
12.10,Defeat,Srtty,Seize,Haeri,Poome,Ceo,Yukino,Zothve,cody,Eyla,Instinct,ORNN,VIEGO,AKALI,NAMI,LUCIAN,TALON,AATROX,VIKTOR,WUKONG,SENNA
12.10,Defeat,Skeeto,River,Pobelter,Krim,JayJ,Dinka,Contractz,Stevenator,Stunt,Yeon,AATROX,GRAVES,AHRI,LUCIAN,NAMI,ORNN,LILLIA,VIKTOR,LULU,APHELIOS
12.10,Defeat,Jauny,SolidSnake,RJS,Misterdot,Bardito,SoHwan,eXyu,Takeover,Minui,Trevor,GNAR,VIEGO,KOGMAW,TRISTANA,NAUTILUS,ORNN,KINDRED,ZOE,TWITCH,LULU
12.10,Victory,Dhokla,Tomio,Ariendel,Arrow,aphromoo,Concept,Dimitry,Enigma,Breezy,Spawn,GANGPLANK,SHYVANA,AHRI,TRISTANA,BLITZCRANK,KAYLE,KINDRED,VEIGAR,THRESH,XAYAH
12.10,Defeat,Jenkins,Armao,Keine,Ceo,Chime,Bugi,S0ul,ry0ma,Plut0,Snaker,LILLIA,VIEGO,LEBLANC,LUCIAN,NAMI,WUKONG,GWEN,LISSANDRA,LULU,VARUS
12.10,Victory,Geiger,Nyma,Soligo,Array,Ackerman,Meslo,Akaadian,Palafox,Jido,Doublelift,OLAF,NOCTURNE,AHRI,SENNA,SION,CAMILLE,VIEGO,VEIGAR,LULU,KOGMAW
12.10,Defeat,Top,Crash,Ophelia,Scoooped,Isles,Lourlo,Chad,Leza,Clyde,Krim,CAMILLE,KINDRED,VIKTOR,JINX,TAHMKENCH,FIORA,VIEGO,AHRI,RELL,KALISTA
12.10,Defeat,Sandflame,Hyper,Stevenator,BMFX,Vulcan,Srtty,Seize,Haeri,Poome,Stixxay,OLAF,LILLIA,VIKTOR,TRISTANA,ALISTAR,GANGPLANK,VIEGO,TALIYAH,TAHMKENCH,XAYAH
12.10,Victory,Ablazeolive,Solo,Minui,River,Stunt,Zothve,Contractz,Pobelter,Baula,Lens,YONE,GRAVES,TRISTANA,KARTHUS,RELL,IRELIA,VIEGO,AZIR,NAUTILUS,KAISA
12.10,Victory,S0ul,SolidSnake,Takeover,Snaker,Sword,Jenkins,Armao,Insanity,Spawn,JayJ,GWEN,VOLIBEAR,ZOE,EZREAL,KARMA,GRAVES,LILLIA,YONE,JINX,LULU
12.10,Victory,SoHwan,Yukino,Keine,Array,Breezy,Dhokla,Bugi,JimieN,Arrow,Plut0,WUKONG,NOCTURNE,GALIO,SENNA,TAHMKENCH,OLAF,VIEGO,TWISTEDFATE,JHIN,KARMA
12.10,Defeat,Concept,Leemo,Pretty,Ceo,Chime,Skeeto,eXyu,RJS,Neo,Trevor,GWEN,VIEGO,TWISTEDFATE,KAISA,RAKAN,GANGPLANK,WUKONG,ZOE,TRISTANA,GRAGAS
12.10,Defeat,Geiger,Tomio,Soligo,Doublelift,Eyla,Top,Dimitry,Palafox,Keith,aphromoo,SION,LILLIA,AZIR,EZREAL,KARMA,CAMILLE,KINDRED,VIKTOR,SENNA,ORNN
12.10,Victory,Srtty,Akaadian,Leza,Lens,Isles,Lourlo,Crash,Haeri,Jido,devin,LILLIA,KINDRED,LISSANDRA,JINX,LULU,CAMILLE,VIEGO,AHRI,RENATA,XAYAH
12.10,Defeat,Zothve,Chad,Enigma,Minui,Straight,Sandflame,Seize,Stevenator,Stixxay,Just,RENEKTON,NIDALEE,VELKOZ,LUCIAN,RENATA,GRAGAS,LEESIN,TALIYAH,KALISTA,THRESH
12.10,Victory,Dhokla,Contractz,Insanity,Array,Poome,Jenkins,River,Nemesis9,Vulcan,Arrow,GWEN,WUKONG,AHRI,XAYAH,RAKAN,SWAIN,NOCTURNE,AZIR,TAHMKENCH,JHIN
12.10,Victory,Solo,Hyper,Takeover,BMFX,Daption,S0ul,Ablazeolive,Kitzuo,Clyde,Spawn,GWEN,LEESIN,AHRI,JINX,RAKAN,AKALI,YONE,GRAVES,RENATA,XAYAH
12.10,Defeat,Srtty,Yukino,JimieN,devin,Plut0,Top,Josedeodo,Ariendel,Lens,Breezy,GANGPLANK,VIEGO,LISSANDRA,JHIN,RENATA,OLAF,GRAVES,AHRI,KOGMAW,LULU
12.10,Victory,Zothve,Leemo,Palafox,Stixxay,Chime,Sandflame,eXyu,RJS,Instinct,JayJ,RUMBLE,WUKONG,AHRI,KAISA,NAUTILUS,GANGPLANK,VIEGO,KASSADIN,VARUS,THRESH
12.10,Victory,Lourlo,Sybr,Pretty,Doublelift,Isles,Dinka,Nyma,Pobelter,Trevor,Keith,GNAR,LILLIA,AZIR,JINX,LULU,CAMILLE,VIEGO,GALIO,RAKAN,XAYAH
12.10,Defeat,S0ul,Dimitry,Stevenator,Minui,aphromoo,Solo,Crash,Enigma,Eyla,Spawn,GNAR,WUKONG,GALIO,KAISA,LEONA,JAYCE,VIEGO,VIKTOR,JANNA,XAYAH
12.10,Victory,Jenkins,Akaadian,Haeri,Arrow,winter,Dhokla,Trixter,Soligo,Jido,Array,SWAIN,VIEGO,VIKTOR,JHIN,LEONA,GWEN,GRAVES,SYLAS,NAUTILUS,EZREAL
12.10,Defeat,Sandflame,Leemo,Ariendel,Instinct,Plut0,Dinka,eXyu,JimieN,Stixxay,Sword,GANGPLANK,LILLIA,YONE,JINX,THRESH,OLAF,TALIYAH,SETT,XAYAH,RAKAN
12.10,Defeat,Srtty,Yukino,Takeover,Lens,Vulcan,Ablazeolive,Lonely,Hyper,devin,Poome,FIORA,LILLIA,VIKTOR,JINX,PYKE,ZOE,JAYCE,VIEGO,KOGMAW,RENATA
12.10,Victory,Lourlo,Josedeodo,Palafox,Doublelift,Breezy,Solo,Sybr,RJS,Chime,Keith,ORNN,LILLIA,IRELIA,KOGMAW,LULU,MORDEKAISER,VIEGO,JAYCE,SORAKA,JINX
12.10,Defeat,Zamudo,Munchy,Enigma,Minui,Isles,Dhokla,Dimitry,Pobelter,Trevor,Array,GANGPLANK,LILLIA,AZIR,XAYAH,BRAUM,IRELIA,VIEGO,GALIO,NAUTILUS,KAISA
12.10,Defeat,Philip,TOWN,Kitzuo,devin,Trevor,Lourlo,Josedeodo,Ariendel,Breezy,Neo,GANGPLANK,VLADIMIR,WUKONG,SENNA,TAHMKENCH,OLAF,VIEGO,AHRI,RENATA,XAYAH
12.10,Victory,Solo,RJS,aphromoo,Stevenator,Tomo,Meslo,Tomio,Takeover,Arrow,Smoothie,MORDEKAISER,VIEGO,NAMI,AHRI,LUCIAN,ORNN,LILLIA,YASUO,KALISTA,NAUTILUS
12.10,Victory,Philip,TOWN,Armao,Doublelift,Qit0ng,Srtty,Yukino,Ariendel,Lens,Trevor,ORNN,TRYNDAMERE,LILLIA,KOGMAW,LULU,SWAIN,YONE,GALIO,SENNA,SERAPHINE
12.10,Victory,Lourlo,Tomio,RJS,Array,Smoothie,S0ul,Chad,Stevenator,devin,Breezy,LILLIA,UDYR,LUCIAN,TRISTANA,NAUTILUS,GANGPLANK,GRAVES,CASSIOPEIA,KOGMAW,NAMI
12.10,Victory,Geiger,Josedeodo,Takeover,Tomo,aphromoo,Kumo,Kenvi,Ariendel,Trevor,Arrow,JAX,VIEGO,VLADIMIR,EZREAL,BARD,KAYLE,KINDRED,KARMA,LEONA,VAYNE
12.10,Defeat,Meslo,Poome,Nyma,RJS,Doublelift,Revenge,Contractz,Leza,Minui,Smoothie,GWEN,ALISTAR,KHAZIX,VIKTOR,TRISTANA,GANGPLANK,VIEGO,AHRI,KALISTA,GRAGAS
12.10,Defeat,Keel,Srtty,Haeri,Instinct,Stunt,Solo,Yuuji,Stevenator,Breezy,Johnsun,LILLIA,GRAVES,SYNDRA,SENNA,TAHMKENCH,SION,TALIYAH,TRISTANA,KARMA,EZREAL
12.10,Victory,Top,Tomio,Keine,Spawn,Luger,Philip,Armao,Nightstar,Insanity,aphromoo,CAMILLE,SHYVANA,LUCIAN,JINX,NAUTILUS,GANGPLANK,VOLIBEAR,KOGMAW,VIKTOR,NAMI
12.10,Defeat,Lourlo,Chad,TOWN,Whitelotus,JayJ,Zothve,River,Palafox,Braine,Array,FIORA,KARTHUS,ZED,KALISTA,LEONA,JAYCE,NIDALEE,IRELIA,RAKAN,EZREAL
12.10,Victory,S0ul,Ariendel,Hyper,devin,Isles,Tomo,Geiger,eXyu,Takeover,Jido,GANGPLANK,GALIO,LILLIA,JHIN,NAUTILUS,EZREAL,VLADIMIR,GRAVES,VAYNE,KARMA
12.10,Victory,Kenvi,Revenge,Ophelia,Tomeito,Trevor,Meslo,Actor,cody,Smoothie,Arrow,TALIYAH,RENEKTON,AHRI,SAMIRA,NAUTILUS,AATROX,VIEGO,LEBLANC,GRAGAS,JHIN
12.10,Victory,Concept,Josedeodo,JimieN,Instinct,Newbie,Philip,Nightstar,Yuuji,Stevenator,Joey,ORNN,GRAVES,VIKTOR,LUCIAN,NAMI,GNAR,JHIN,VIEGO,SYNDRA,ZYRA
12.10,Victory,Solo,Yukino,Leza,Lens,Poome,Srtty,Contractz,RJS,Breezy,Doublelift,GANGPLANK,VIEGO,AHRI,JINX,JANNA,VLADIMIR,GRAVES,RYZE,LULU,KOGMAW
12.10,Victory,SoHwan,Chad,Insanity,Yeon,Isles,Dhokla,Tomio,Keine,Braine,Whitelotus,ORNN,KINDRED,AZIR,KOGMAW,BRAUM,FIORA,TALIYAH,RENEKTON,PYKE,KALISTA
12.10,Victory,Lourlo,Armao,Haeri,Spawn,Jido,Top,Keel,APA,JayJ,Luger,GNAR,WUKONG,ORIANNA,APHELIOS,THRESH,GANGPLANK,VIEGO,VIKTOR,NAUTILUS,KALISTA
12.10,Victory,Zothve,Crash,Enigma,Minui,Chime,Geiger,River,TOWN,Array,Smoothie,FIORA,VIEGO,AHRI,XAYAH,RAKAN,OLAF,GRAVES,VIKTOR,JINX,LEONA
12.10,Defeat,S0ul,Hyper,Takeover,devin,Trevor,Meslo,eXyu,Palafox,Plut0,Arrow,GNAR,LEESIN,KARTHUS,KAISA,NAUTILUS,IRELIA,KINDRED,VIKTOR,KARMA,XAYAH
12.10,Victory,Concept,Armao,Triple,BMFX,Just,Top,Keel,Stevenator,Breezy,Doublelift,GWEN,VIEGO,SYNDRA,JINX,TAHMKENCH,GANGPLANK,OLAF,ORIANNA,RAKAN,JHIN
12.10,Victory,Jenkins,Contractz,JimieN,Luger,Newbie,Zothve,Yuuji,TOWN,Plut0,Snaker,GANGPLANK,WUKONG,ZOE,KOGMAW,LULU,SION,VIEGO,VIKTOR,LEONA,EZREAL
12.10,Defeat,S0ul,River,Poome,Soligo,Ceo,Solo,Munchy,Palafox,Diamond,devin,GWEN,RENGAR,RENATA,AHRI,VARUS,GANGPLANK,VIEGO,VEX,NAMI,LUCIAN
12.10,Victory,Dhokla,Yukino,Takeover,Arrow,Smoothie,Lourlo,Tomio,cody,Chime,Smalls,GRAVES,TALIYAH,YONE,ASHE,NAUTILUS,GNAR,WUKONG,AHRI,SETT,JINX
12.10,Victory,Bradley,Chad,APA,Lost,Trevor,Srtty,AnDa,RJS,Minui,Joey,SHEN,KINDRED,VIKTOR,SENNA,TAHMKENCH,OLAF,UDYR,YONE,KOGMAW,LULU
12.10,Victory,Lonely,Josedeodo,Leza,Yeon,Ackerman,Jauny,Bugi,Enigma,Isles,Instinct,GNAR,GRAVES,AHRI,EZREAL,SORAKA,JAYCE,VIEGO,VEX,TAHMKENCH,SENNA
12.10,Defeat,Concept,Kenvi,JimieN,devin,Plut0,Gamsu,Oddie,Haeri,Diamond,Arrow,GANGPLANK,VIEGO,SWAIN,JHIN,RELL,RUMBLE,VI,TALIYAH,NAMI,LUCIAN
12.10,Defeat,Acce,Dimitry,Ariendel,Doublelift,Jido,Geiger,Sybr,Triple,Breezy,Snaker,CAMILLE,VIEGO,TALIYAH,JINX,ZILEAN,JAX,LILLIA,YONE,KARMA,EZREAL
12.10,Victory,Zothve,eXyu,Soligo,Spawn,Chime,S0ul,Yuuji,Keine,Just,Neo,JAYCE,VIEGO,LISSANDRA,SENNA,TAHMKENCH,GNAR,TRUNDLE,LEBLANC,KARMA,EZREAL
12.10,Defeat,Zamudo,Palafox,Smalls,Poome,Keel,Top,Hyper,Insanity,Stixxay,Smoothie,JAYCE,AHRI,EZREAL,KARMA,WUKONG,CAMILLE,TALIYAH,GALIO,XAYAH,NAUTILUS
12.10,Victory,Srtty,Yukino,Takeover,Minui,Joey,Traffi,Tomio,Spirax,Straight,Lens,KAYLE,VIEGO,VLADIMIR,LUCIAN,RENATA,ZAC,WUKONG,SWAIN,NAUTILUS,KAISA
12.10,Victory,AnDa,Tenacity,APA,Yeon,Isles,Dinka,Chad,RJS,Biofrost,Instinct,TALIYAH,SWAIN,IRELIA,VARUS,NAUTILUS,GANGPLANK,KARTHUS,GALIO,TAHMKENCH,JINX
12.10,Victory,Jenkins,Contractz,Pobelter,Arrow,JayJ,Lourlo,River,Pretty,Diamond,devin,SION,LILLIA,ORIANNA,SENNA,LEESIN,AKSHAN,VIEGO,VIKTOR,PYKE,JINX
12.10,Victory,Bradley,Bugi,Enigma,Doublelift,Breezy,Lonely,Nyma,Leza,Shadow,BMFX,JAYCE,VIEGO,AZIR,JINX,RENATA,RUMBLE,JARVANIV,ZOE,LULU,KOGMAW
12.10,Defeat,Acce,Kenvi,Neo,Jido,Ariendel,Concept,Oddie,Triple,Daption,Spawn,GWEN,TALIYAH,KALISTA,THRESH,TRISTANA,SINGED,VIEGO,AHRI,RAKAN,XAYAH
12.10,Victory,S0ul,eXyu,Takeover,Minui,Poome,Top,Yuuji,Spirax,Stixxay,Smoothie,ORNN,LEESIN,TALIYAH,KALISTA,SENNA,FIORA,GRAVES,ZOE,EZREAL,KARMA
12.10,Defeat,Geiger,Sybr,Insanity,devin,Diamond,Zamudo,Keel,Pretty,Lens,Chime,CHOGATH,VIEGO,AHRI,EZREAL,PYKE,GANGPLANK,NOCTURNE,LEBLANC,XAYAH,RAKAN
12.10,Defeat,Srtty,Tomio,RJS,Instinct,Biofrost,Revenge,Hyper,Pobelter,Arrow,JayJ,GANGPLANK,TRUNDLE,SERAPHINE,EZREAL,KARMA,LILLIA,WUKONG,YONE,SENNA,TAHMKENCH
12.10,Victory,Lourlo,Palafox,Yukino,Yeon,Isles,Traffi,Munchy,APA,Straight,Doublelift,FIORA,TALIYAH,GWEN,JINX,NAUTILUS,KAYLE,ZAC,VIKTOR,RENATA,XAYAH
